[{"id_str": "822490471402536962", "is_retweet": false, "text": "The First 100 Seconds #Inauguration https://t.co/CixFnj0Lai", "source": "Twitter for iPhone", "retweet_count": 1, "favorite_count": 2, "created_at": "Fri Jan 20 17:06:24 +0000 2017", "in_reply_to_screen_name": null}, {"id_str": "822619327308374016", "is_retweet": true, "text": "RT @DHSgov: \u201cI am honored and humbled to take on this responsibility to serve alongside the magnificent men and women of DHS\u201d \u2192 https://t.c\u2026", "source": "Twitter for iPhone", "retweet_count": 98, "favorite_count": 0, "created_at": "Sat Jan 21 01:38:25 +0000 2017", "in_reply_to_screen_name": null}, {"id_str": "822490467858259971", "is_retweet": false, "text": "The First 100 Seconds #Inauguration https://t.co/Rb4my3YpLa", "source": "Twitter for iPhone", "retweet_count": 0, "favorite_count": 1, "created_at": "Fri Jan 20 17:06:23 +0000 2017", "in_reply_to_screen_name": null}, {"id_str": "824228104105291781", "is_retweet": false, "text": "Del Rio Border Agents 'Instrumental' in Fighting House Fire. #whatwedo  https://t.co/lCqAIzrkMH", "source": "Twitter for iPhone", "retweet_count": 4, "favorite_count": 11, "created_at": "Wed Jan 25 12:11:08 +0000 2017", "in_reply_to_screen_name": null}, {"id_str": "820019338887495680", "is_retweet": false, "text": "South TX horizon. https://t.co/OLWuIakBUZ", "source": "Twitter for iPhone", "retweet_count": 0, "favorite_count": 5, "created_at": "Fri Jan 13 21:27:00 +0000 2017", "in_reply_to_screen_name": null}, {"id_str": "822441468866465792", "is_retweet": false, "text": "Today's AOR https://t.co/GTc1GqfMVT", "source": "Twitter for iPhone", "retweet_count": 2, "favorite_count": 11, "created_at": "Fri Jan 20 13:51:41 +0000 2017", "in_reply_to_screen_name": null}, {"id_str": "822492926211162112", "is_retweet": false, "text": "\"When you open your heart to patriotism there's no room for prejudice\" #POTUS45", "source": "Twitter for iPhone", "retweet_count": 8, "favorite_count": 15, "created_at": "Fri Jan 20 17:16:09 +0000 2017", "in_reply_to_screen_name": null}, {"id_str": "833134088940814336", "is_retweet": true, "text": "RT @USBPChief: Honored to meet #USBP Senior Patrol Agent and World Class Competitive Shooter Robert Vadasz.  You\u2019ve made The Patrol proud.\u2026", "source": "Twitter for iPhone", "retweet_count": 26, "favorite_count": 0, "created_at": "Sun Feb 19 02:00:20 +0000 2017", "in_reply_to_screen_name": null}, {"id_str": "829911858777710593", "is_retweet": true, "text": "RT @USBP_HonorFirst: Did You Know...#USBP was instrumental in ending 'Long Night' of segregation in American South? #blackhistorymonth http\u2026", "source": "Twitter for iPhone", "retweet_count": 6, "favorite_count": 0, "created_at": "Fri Feb 10 04:36:20 +0000 2017", "in_reply_to_screen_name": null}, {"id_str": "827956710597861377", "is_retweet": true, "text": "RT @nuvit4: Great then, Greater Now! #maga #trump https://t.co/iL0izL6zom", "source": "Twitter for iPhone", "retweet_count": 2, "favorite_count": 0, "created_at": "Sat Feb 04 19:07:17 +0000 2017", "in_reply_to_screen_name": null}, {"id_str": "834926607240417280", "is_retweet": true, "text": "RT @USBP_HonorFirst: #USBP #HonorGuard renders honors, as it should be, to those who rendered their service to our nation. #VayaConDios ACP\u2026", "source": "Twitter for iPhone", "retweet_count": 7, "favorite_count": 0, "created_at": "Fri Feb 24 00:43:10 +0000 2017", "in_reply_to_screen_name": null}, {"id_str": "658734630091280384", "is_retweet": false, "text": "@adamcarolla. Great night at the Vic!  Your team took some photos, after the show. Can I see them/get one?", "source": "Twitter for iPhone", "retweet_count": 0, "favorite_count": 2, "created_at": "Mon Oct 26 19:59:09 +0000 2015", "in_reply_to_screen_name": "adamcarolla"}, {"id_str": "458735172796841984", "is_retweet": false, "text": "twenty-six and counting (MLA), I'd do it all over again. #Dabesbridevr", "source": "Twitter for iPad", "retweet_count": 1, "favorite_count": 1, "created_at": "Tue Apr 22 22:32:42 +0000 2014", "in_reply_to_screen_name": null}, {"id_str": "670073536619388929", "is_retweet": false, "text": "Thanksgiving with the Cantus of Armonk #familytime https://t.co/TaIf2oUiVw", "source": "Twitter for iPhone", "retweet_count": 0, "favorite_count": 1, "created_at": "Fri Nov 27 02:55:55 +0000 2015", "in_reply_to_screen_name": null}, {"id_str": "752923937693130756", "is_retweet": false, "text": "New Chief upholding HQs honoring years of service #BPstrong https://t.co/9ILul5YLWu", "source": "Twitter for iPhone", "retweet_count": 4, "favorite_count": 8, "created_at": "Tue Jul 12 17:53:50 +0000 2016", "in_reply_to_screen_name": null}, {"id_str": "786937521036926976", "is_retweet": false, "text": "@KirstenWLarson thanks for the U.S. Border Patrol book and congratulations #amicus https://t.co/qqKoDkp2Mb", "source": "Twitter for iPhone", "retweet_count": 2, "favorite_count": 2, "created_at": "Fri Oct 14 14:31:40 +0000 2016", "in_reply_to_screen_name": "KirstenWLarson"}, {"id_str": "524324610624335872", "is_retweet": false, "text": "@its_alexisYO  let lose", "source": "Twitter for iPhone", "retweet_count": 0, "favorite_count": 1, "created_at": "Mon Oct 20 22:21:43 +0000 2014", "in_reply_to_screen_name": "its_alexisYO"}, {"id_str": "673684328556064768", "is_retweet": false, "text": "It's beginning to look a lot... https://t.co/PsP8WcYh6M", "source": "Twitter for iPhone", "retweet_count": 0, "favorite_count": 3, "created_at": "Mon Dec 07 02:03:55 +0000 2015", "in_reply_to_screen_name": null}, {"id_str": "542748720778194946", "is_retweet": false, "text": "@TomCarperforDE Thank You #BPAPRA", "source": "Twitter for iPad", "retweet_count": 1, "favorite_count": 0, "created_at": "Wed Dec 10 18:32:33 +0000 2014", "in_reply_to_screen_name": "TomCarperforDE"}, {"id_str": "542748534110703617", "is_retweet": false, "text": "@SenatorTester Thanks to you and the team BPAPRA will be law!", "source": "Twitter for iPad", "retweet_count": 1, "favorite_count": 0, "created_at": "Wed Dec 10 18:31:48 +0000 2014", "in_reply_to_screen_name": "SenatorTester"}, {"id_str": "757575068855570432", "is_retweet": false, "text": "Border Patrol agent from Pearlington rescues drowning immigrants from Rio Grande | #whatwedo Thanks! https://t.co/4yeyNeBuVe", "source": "Twitter for iPhone", "retweet_count": 6, "favorite_count": 9, "created_at": "Mon Jul 25 13:55:46 +0000 2016", "in_reply_to_screen_name": null}, {"id_str": "702988960931438593", "is_retweet": false, "text": "#civicduty/service https://t.co/Ix1O8uhaCJ", "source": "Twitter for iPhone", "retweet_count": 1, "favorite_count": 2, "created_at": "Thu Feb 25 22:50:03 +0000 2016", "in_reply_to_screen_name": null}, {"id_str": "521728975576780800", "is_retweet": false, "text": "Stylin? #needthatjacketnow http://t.co/KR8XMoGbjd", "source": "Twitter for iPhone", "retweet_count": 0, "favorite_count": 1, "created_at": "Mon Oct 13 18:27:35 +0000 2014", "in_reply_to_screen_name": null}, {"id_str": "798873389092012032", "is_retweet": false, "text": "Off-duty federal agents help subdue armed Metro passenger - The indispensable guardians. #whatwedo  https://t.co/Lxt99hV2nX", "source": "Twitter for iPhone", "retweet_count": 21, "favorite_count": 18, "created_at": "Wed Nov 16 13:00:32 +0000 2016", "in_reply_to_screen_name": null}, {"id_str": "725489218101776384", "is_retweet": false, "text": "#whatwedo https://t.co/In3UrpRTNe", "source": "Twitter for iPhone", "retweet_count": 7, "favorite_count": 7, "created_at": "Thu Apr 28 00:58:03 +0000 2016", "in_reply_to_screen_name": null}, {"id_str": "482333660058640385", "is_retweet": false, "text": "Great opportunity to learn today. #serviceB4themselves", "source": "Twitter for iPhone", "retweet_count": 1, "favorite_count": 0, "created_at": "Fri Jun 27 01:24:40 +0000 2014", "in_reply_to_screen_name": null}, {"id_str": "727666869004546048", "is_retweet": false, "text": "8 https://t.co/fLD4TnXu3D", "source": "Twitter for iPhone", "retweet_count": 0, "favorite_count": 0, "created_at": "Wed May 04 01:11:15 +0000 2016", "in_reply_to_screen_name": null}, {"id_str": "627146572296531968", "is_retweet": false, "text": "@its_alexisYO @Vitiello_B2 thanks", "source": "Twitter for iPhone", "retweet_count": 0, "favorite_count": 1, "created_at": "Fri Jul 31 15:59:29 +0000 2015", "in_reply_to_screen_name": "its_alexisYO"}, {"id_str": "639064839533559808", "is_retweet": false, "text": "@marklevinshow the liberalcratic party or the NeoKlanist Party", "source": "Twitter for iPhone", "retweet_count": 0, "favorite_count": 0, "created_at": "Wed Sep 02 13:18:25 +0000 2015", "in_reply_to_screen_name": "marklevinshow"}, {"id_str": "448621200852656129", "is_retweet": false, "text": "@nuvit4 thanks! #UrDaBest", "source": "Twitter for iPhone", "retweet_count": 1, "favorite_count": 1, "created_at": "Wed Mar 26 00:43:23 +0000 2014", "in_reply_to_screen_name": "nuvit4"}, {"id_str": "657887654852169728", "is_retweet": false, "text": "@nuvit4 U R da best. MLA", "source": "Twitter for iPhone", "retweet_count": 0, "favorite_count": 1, "created_at": "Sat Oct 24 11:53:34 +0000 2015", "in_reply_to_screen_name": "nuvit4"}, {"id_str": "602189506503122944", "is_retweet": false, "text": "@CiaoWashington The Tucson Team won the Honor Guard (Drill) competition!  The weather was awesome this year.", "source": "Mobile Web (M5)", "retweet_count": 0, "favorite_count": 1, "created_at": "Sat May 23 19:09:01 +0000 2015", "in_reply_to_screen_name": "CiaoWashington"}, {"id_str": "518065210989367297", "is_retweet": false, "text": "Torch runners way to go BP# http://t.co/ZsPdYiLfww", "source": "Twitter for iPhone", "retweet_count": 0, "favorite_count": 2, "created_at": "Fri Oct 03 15:49:06 +0000 2014", "in_reply_to_screen_name": null}, {"id_str": "445553382083022849", "is_retweet": false, "text": "@wmata great ride toddy in a new \"smooth floor\" car. #like-it", "source": "Twitter for iPhone", "retweet_count": 0, "favorite_count": 0, "created_at": "Mon Mar 17 13:32:58 +0000 2014", "in_reply_to_screen_name": "wmata"}, {"id_str": "513092398810169344", "is_retweet": false, "text": "@SenatorTester thanks for BPAPRA! #needitnow", "source": "Twitter for iPhone", "retweet_count": 1, "favorite_count": 1, "created_at": "Fri Sep 19 22:28:55 +0000 2014", "in_reply_to_screen_name": "SenatorTester"}, {"id_str": "441007045576523776", "is_retweet": false, "text": "@its_alexisYO cake, baby carrots I'm seeng a trend?", "source": "Twitter for iPhone", "retweet_count": 0, "favorite_count": 0, "created_at": "Wed Mar 05 00:27:27 +0000 2014", "in_reply_to_screen_name": "its_alexisYO"}, {"id_str": "491170797709705216", "is_retweet": false, "text": "Condolences to the family And friends of James Garner. #bestofOldSchool  RIP", "source": "Twitter for iPhone", "retweet_count": 0, "favorite_count": 2, "created_at": "Mon Jul 21 10:40:18 +0000 2014", "in_reply_to_screen_name": null}, {"id_str": "655376905252786176", "is_retweet": false, "text": "@NBPCGreenLine @BPUnion just heard the rhetoric show (10-17-15) when would one call in to ask questions?", "source": "Twitter for iPhone", "retweet_count": 2, "favorite_count": 3, "created_at": "Sat Oct 17 13:36:45 +0000 2015", "in_reply_to_screen_name": "NBPCGreenLine"}, {"id_str": "643773126321418240", "is_retweet": false, "text": "Just watched The Deli Man. Great snapshot of the culture of hard work and the dignity of it. #oldschoolrules   #thedeliman", "source": "Twitter for iPhone", "retweet_count": 1, "favorite_count": 1, "created_at": "Tue Sep 15 13:07:28 +0000 2015", "in_reply_to_screen_name": null}, {"id_str": "444238550184517632", "is_retweet": false, "text": "ICE Cold, but brighter today. #betterdaysahead", "source": "Twitter for iPhone", "retweet_count": 0, "favorite_count": 0, "created_at": "Thu Mar 13 22:28:18 +0000 2014", "in_reply_to_screen_name": null}, {"id_str": "802527280429993984", "is_retweet": true, "text": "RT @Mhudak: Prayers for a quick recovery for the #USBP agent and #Texas Department of Public Safety trooper #Police  https://t.co/NfqPASBzXc", "source": "Twitter for iPhone", "retweet_count": 5, "favorite_count": 0, "created_at": "Sat Nov 26 14:59:48 +0000 2016", "in_reply_to_screen_name": null}, {"id_str": "702193763456659457", "is_retweet": false, "text": "Today's AOR. Thanks to my team, #USBP well prepped. https://t.co/x6r4EqdTh7", "source": "Twitter for iPhone", "retweet_count": 2, "favorite_count": 4, "created_at": "Tue Feb 23 18:10:13 +0000 2016", "in_reply_to_screen_name": null}, {"id_str": "465113222513950720", "is_retweet": false, "text": "5 min to launch http://t.co/AkOvFUNHBM", "source": "iOS", "retweet_count": 0, "favorite_count": 1, "created_at": "Sat May 10 12:56:48 +0000 2014", "in_reply_to_screen_name": null}, {"id_str": "711906117824020481", "is_retweet": false, "text": "Congratulations to CBP winning the Sgt. William Jasper Award in Savanah, GA #dedicatedtoserve  https://t.co/ynlfqr8nl7", "source": "Twitter for iPhone", "retweet_count": 0, "favorite_count": 1, "created_at": "Mon Mar 21 13:23:39 +0000 2016", "in_reply_to_screen_name": null}, {"id_str": "450923027694620672", "is_retweet": false, "text": "@its_alexisYO get a hobby, or better yet define studiousness.", "source": "Twitter for iPhone", "retweet_count": 0, "favorite_count": 1, "created_at": "Tue Apr 01 09:10:02 +0000 2014", "in_reply_to_screen_name": "its_alexisYO"}, {"id_str": "804676605150986240", "is_retweet": false, "text": "@marklevinshow                                  great recommendation love the CT shirts https://t.co/iBcGfRi0WH", "source": "Twitter for iPhone", "retweet_count": 0, "favorite_count": 1, "created_at": "Fri Dec 02 13:20:27 +0000 2016", "in_reply_to_screen_name": "marklevinshow"}, {"id_str": "770425311313920000", "is_retweet": false, "text": "Silver Streak was awesome. His work was inspired. #RIPGeneWilder condolences to those he loved. https://t.co/NsAoMjFB1X", "source": "Twitter for iPhone", "retweet_count": 0, "favorite_count": 2, "created_at": "Tue Aug 30 00:58:02 +0000 2016", "in_reply_to_screen_name": null}, {"id_str": "568859169522122752", "is_retweet": false, "text": "@its_alexisYO awwww", "source": "Twitter for iPhone", "retweet_count": 0, "favorite_count": 2, "created_at": "Fri Feb 20 19:46:09 +0000 2015", "in_reply_to_screen_name": "its_alexisYO"}, {"id_str": "734379020486348800", "is_retweet": true, "text": "RT @CustomsBorder: #USBP Honor Guard Drill Team took FIRST PLACE at the Honor Guard Competition for the 4th consecutive year. #NPW2016 http\u2026", "source": "Twitter for iPhone", "retweet_count": 37, "favorite_count": 0, "created_at": "Sun May 22 13:42:57 +0000 2016", "in_reply_to_screen_name": null}, {"id_str": "725487570122067968", "is_retweet": true, "text": "RT @CBPSouthTexas: #Laredo #CBP's #USBP &amp; #OFO,#HSI, STL partners ran proudly in Law Enforcement Torch Run in support of @SOTexas https://t\u2026", "source": "Twitter for iPhone", "retweet_count": 3, "favorite_count": 0, "created_at": "Thu Apr 28 00:51:30 +0000 2016", "in_reply_to_screen_name": null}, {"id_str": "636249590736535552", "is_retweet": false, "text": "Timeless @its_alexisYO http://t.co/veUxGUx1cz", "source": "iOS", "retweet_count": 0, "favorite_count": 1, "created_at": "Tue Aug 25 18:51:38 +0000 2015", "in_reply_to_screen_name": null}, {"id_str": "713544106614468608", "is_retweet": false, "text": "#SoGoodSoLong RIP Schatten we love you. https://t.co/aQRg0WJGEr", "source": "Twitter for iPhone", "retweet_count": 1, "favorite_count": 5, "created_at": "Sat Mar 26 01:52:26 +0000 2016", "in_reply_to_screen_name": null}, {"id_str": "784543284559507460", "is_retweet": false, "text": "@AdamCarollaShow ready to get it on with @nuvit4 At Foxwoods! Yea man https://t.co/jo0sJwYNh3", "source": "Twitter for iPhone", "retweet_count": 0, "favorite_count": 1, "created_at": "Fri Oct 07 23:57:49 +0000 2016", "in_reply_to_screen_name": "AdamCarollaShow"}, {"id_str": "658129119461404672", "is_retweet": false, "text": "The Ace Man! #carolla https://t.co/QLSFQXYPOF", "source": "Twitter for iPhone", "retweet_count": 0, "favorite_count": 2, "created_at": "Sun Oct 25 03:53:04 +0000 2015", "in_reply_to_screen_name": null}, {"id_str": "450347656158904320", "is_retweet": false, "text": "Day 10 of Spring 2014, Gulp? #globalwarmer http://t.co/IrYMQbj5Tz", "source": "Twitter for iPhone", "retweet_count": 0, "favorite_count": 1, "created_at": "Sun Mar 30 19:03:42 +0000 2014", "in_reply_to_screen_name": null}, {"id_str": "478938520321413120", "is_retweet": false, "text": "Way to go. Ron Jr. 2014 been there, on the way to more. http://t.co/UdoDXsW32t", "source": "iOS", "retweet_count": 1, "favorite_count": 1, "created_at": "Tue Jun 17 16:33:36 +0000 2014", "in_reply_to_screen_name": null}, {"id_str": "434048757995692032", "is_retweet": false, "text": "Orange Line http://t.co/Ay1SUjf7mE", "source": "iOS", "retweet_count": 0, "favorite_count": 1, "created_at": "Thu Feb 13 19:37:42 +0000 2014", "in_reply_to_screen_name": null}, {"id_str": "803956373977518080", "is_retweet": false, "text": "Meet the woman in charge of protecting America's borders via @lifemotto https://t.co/H7uqOtuN9J  #we'rehiring", "source": "Twitter for iPhone", "retweet_count": 1, "favorite_count": 5, "created_at": "Wed Nov 30 13:38:31 +0000 2016", "in_reply_to_screen_name": null}, {"id_str": "486195716881412097", "is_retweet": false, "text": "Great date! #mylovealways http://t.co/f2C46Zo02h", "source": "iOS", "retweet_count": 1, "favorite_count": 1, "created_at": "Mon Jul 07 17:11:06 +0000 2014", "in_reply_to_screen_name": null}, {"id_str": "456828496694620161", "is_retweet": false, "text": "INTERNSHIP!!? Glenn Beck Moves Into Movie Production (Exclusive) http://t.co/l7C5Tgf0hL via @THR", "source": "Twitter for Websites", "retweet_count": 1, "favorite_count": 1, "created_at": "Thu Apr 17 16:16:15 +0000 2014", "in_reply_to_screen_name": null}, {"id_str": "733350041155428353", "is_retweet": false, "text": "https://t.co/nYImGyb8JM #TodaysAOR", "source": "Twitter for iPhone", "retweet_count": 2, "favorite_count": 1, "created_at": "Thu May 19 17:34:09 +0000 2016", "in_reply_to_screen_name": null}, {"id_str": "794167898784854016", "is_retweet": false, "text": "Today's AOR #friensnextdoor https://t.co/80Z41WyTUx", "source": "Twitter for iPhone", "retweet_count": 0, "favorite_count": 1, "created_at": "Thu Nov 03 13:22:36 +0000 2016", "in_reply_to_screen_name": null}, {"id_str": "738533609234010112", "is_retweet": false, "text": "#Friday's481 https://t.co/SEWIkIVfql", "source": "Twitter for iPhone", "retweet_count": 1, "favorite_count": 5, "created_at": "Fri Jun 03 00:51:48 +0000 2016", "in_reply_to_screen_name": null}, {"id_str": "731859060602077184", "is_retweet": false, "text": "Honored to be a part of the team that will remember the fallen heroes. #NPW2016 https://t.co/PO20EqmBJt", "source": "Twitter for iPhone", "retweet_count": 3, "favorite_count": 5, "created_at": "Sun May 15 14:49:31 +0000 2016", "in_reply_to_screen_name": null}, {"id_str": "743406348747087872", "is_retweet": false, "text": "@1979 Dad and I bought this from BP lot in ELC. Cool car! He is a great life/love example. #HappyFathersDay RCV https://t.co/q2t7Mw1ScR", "source": "Twitter for iPhone", "retweet_count": 0, "favorite_count": 2, "created_at": "Thu Jun 16 11:34:20 +0000 2016", "in_reply_to_screen_name": "1979"}, {"id_str": "542748321950208000", "is_retweet": false, "text": "@jasoninthehouse Thanks for the leadership #BPAPRA", "source": "Twitter for iPad", "retweet_count": 1, "favorite_count": 0, "created_at": "Wed Dec 10 18:30:58 +0000 2014", "in_reply_to_screen_name": "jasoninthehouse"}, {"id_str": "814468642448478208", "is_retweet": false, "text": "National Law Enforcement Officers Memorial Fund: 135 Law Enforcement Officer Fatalities Nationwide in 2016  https://t.co/eEuGdhQSrx", "source": "Twitter for iPhone", "retweet_count": 4, "favorite_count": 1, "created_at": "Thu Dec 29 13:50:31 +0000 2016", "in_reply_to_screen_name": null}, {"id_str": "636623052021891072", "is_retweet": false, "text": "WOLF Boy #art4ever http://t.co/bPhmrekHdT", "source": "iOS", "retweet_count": 0, "favorite_count": 0, "created_at": "Wed Aug 26 19:35:38 +0000 2015", "in_reply_to_screen_name": null}, {"id_str": "434047483048890368", "is_retweet": false, "text": "Kudos to Metro. They kept open, during the worst. Lots of dedicated snow removers on the orange line. Thanks", "source": "Twitter for iPhone", "retweet_count": 0, "favorite_count": 0, "created_at": "Thu Feb 13 19:32:38 +0000 2014", "in_reply_to_screen_name": null}, {"id_str": "505126404686893057", "is_retweet": false, "text": "@its_alexisYO probably a horn dawg", "source": "Twitter for iPhone", "retweet_count": 0, "favorite_count": 1, "created_at": "Thu Aug 28 22:54:54 +0000 2014", "in_reply_to_screen_name": "its_alexisYO"}, {"id_str": "454212925188997120", "is_retweet": false, "text": "Great date WED @nuvit4 Made my week. Good cause @SupportAFF #servingourfinest", "source": "Twitter for iPhone", "retweet_count": 1, "favorite_count": 1, "created_at": "Thu Apr 10 11:02:54 +0000 2014", "in_reply_to_screen_name": null}, {"id_str": "699244606433562624", "is_retweet": false, "text": "@nuvit4 Ur da best.", "source": "Twitter for iPhone", "retweet_count": 0, "favorite_count": 1, "created_at": "Mon Feb 15 14:51:20 +0000 2016", "in_reply_to_screen_name": "nuvit4"}, {"id_str": "735540991755726849", "is_retweet": false, "text": "Other than with Russian invasion, remarkably similar border challenges #closercooperation https://t.co/dA4gV2AOcT", "source": "Twitter for iPhone", "retweet_count": 4, "favorite_count": 9, "created_at": "Wed May 25 18:40:12 +0000 2016", "in_reply_to_screen_name": null}, {"id_str": "506088411674206208", "is_retweet": false, "text": "http://t.co/oQBvcNc5OQ  Very scary facts on deficit!!", "source": "Twitter for iPad", "retweet_count": 0, "favorite_count": 0, "created_at": "Sun Aug 31 14:37:34 +0000 2014", "in_reply_to_screen_name": null}, {"id_str": "448576732745187328", "is_retweet": false, "text": "Not Lamb-like. March on. #lionlike http://t.co/tDs7DvzRYt", "source": "Twitter for iPhone", "retweet_count": 0, "favorite_count": 0, "created_at": "Tue Mar 25 21:46:41 +0000 2014", "in_reply_to_screen_name": null}, {"id_str": "806490515248214016", "is_retweet": true, "text": "RT @nuvit4: B.P. Surviving kids Rock! Way to go Team Aguilar @RHWoBP El Paso teen sets powerlifter records in 2 states https://t.co/gWDwSlY\u2026", "source": "Twitter for iPhone", "retweet_count": 2, "favorite_count": 0, "created_at": "Wed Dec 07 13:28:17 +0000 2016", "in_reply_to_screen_name": null}, {"id_str": "794113119337533440", "is_retweet": false, "text": "@Cubs @TheBobfather619 done! We can eat goat again", "source": "Twitter for iPhone", "retweet_count": 0, "favorite_count": 0, "created_at": "Thu Nov 03 09:44:56 +0000 2016", "in_reply_to_screen_name": "Cubs"}, {"id_str": "659030812642443264", "is_retweet": false, "text": "#IACP2015 is there a way to see the CI (today at 12noon) forum real time on-line?", "source": "Twitter for iPhone", "retweet_count": 0, "favorite_count": 0, "created_at": "Tue Oct 27 15:36:04 +0000 2015", "in_reply_to_screen_name": null}, {"id_str": "481953690228490240", "is_retweet": false, "text": "@SergioChapa @HouseJudiciary", "source": "Twitter for iPhone", "retweet_count": 0, "favorite_count": 0, "created_at": "Thu Jun 26 00:14:48 +0000 2014", "in_reply_to_screen_name": "SergioChapa"}, {"id_str": "716630916576186369", "is_retweet": true, "text": "RT @NBPCGreenLine: K9 Sem out of Newport, VT BPS sporting The Green Line patch. https://t.co/XiFlTm0zB5", "source": "Twitter for iPhone", "retweet_count": 13, "favorite_count": 0, "created_at": "Sun Apr 03 14:18:19 +0000 2016", "in_reply_to_screen_name": null}, {"id_str": "422831419082420224", "is_retweet": false, "text": "@its_alexisYO", "source": "Twitter for iPhone", "retweet_count": 0, "favorite_count": 2, "created_at": "Mon Jan 13 20:44:00 +0000 2014", "in_reply_to_screen_name": "its_alexisYO"}, {"id_str": "593408772015546369", "is_retweet": false, "text": "@bigdog30041 Chris in DC?  Thats great.  Look forward to seeing him.", "source": "Twitter for iPad", "retweet_count": 0, "favorite_count": 1, "created_at": "Wed Apr 29 13:37:30 +0000 2015", "in_reply_to_screen_name": null}, {"id_str": "529351762940268544", "is_retweet": false, "text": "@its_alexisYO Chickens already? or just eggs?", "source": "Twitter for iPad", "retweet_count": 0, "favorite_count": 1, "created_at": "Mon Nov 03 19:17:49 +0000 2014", "in_reply_to_screen_name": "its_alexisYO"}, {"id_str": "793060502767226880", "is_retweet": false, "text": "Thanks To Dale and the Heroic team BP! https://t.co/AoZ5BlkSuO via @pecom_news https://t.co/NQrA4IxDRi", "source": "Twitter for iPhone", "retweet_count": 0, "favorite_count": 1, "created_at": "Mon Oct 31 12:02:12 +0000 2016", "in_reply_to_screen_name": null}, {"id_str": "485150382922809344", "is_retweet": false, "text": "Declare your Independence!  Celebrate the 4th.", "source": "Twitter for iPhone", "retweet_count": 0, "favorite_count": 1, "created_at": "Fri Jul 04 19:57:19 +0000 2014", "in_reply_to_screen_name": null}, {"id_str": "445647952758185986", "is_retweet": false, "text": "Snow St. Patrick's Day commute (rush hour) 2014. http://t.co/IzLZibSfIs", "source": "iOS", "retweet_count": 0, "favorite_count": 0, "created_at": "Mon Mar 17 19:48:46 +0000 2014", "in_reply_to_screen_name": null}, {"id_str": "802277295813758976", "is_retweet": false, "text": "@ArtAcevedo @HoustonTX Lankford Grocery Firehouse burger", "source": "Twitter for iPhone", "retweet_count": 0, "favorite_count": 1, "created_at": "Fri Nov 25 22:26:27 +0000 2016", "in_reply_to_screen_name": "ArtAcevedo"}, {"id_str": "793061091421085696", "is_retweet": false, "text": "5-Year-Old Boy, Family Rescued In Desert By CBP | Arizona Daily Independent   #whatwedo https://t.co/0AG3DLfDvE", "source": "Twitter for iPhone", "retweet_count": 6, "favorite_count": 9, "created_at": "Mon Oct 31 12:04:33 +0000 2016", "in_reply_to_screen_name": null}, {"id_str": "482892783514963971", "is_retweet": false, "text": "@nuvit4 @Vitiello_B2 me tooooooo. MLA", "source": "Twitter for iPhone", "retweet_count": 0, "favorite_count": 0, "created_at": "Sat Jun 28 14:26:25 +0000 2014", "in_reply_to_screen_name": "nuvit4"}, {"id_str": "516537543970783232", "is_retweet": false, "text": "#needitnow BPAPRA http://t.co/Y7aDeAiqhW", "source": "iOS", "retweet_count": 1, "favorite_count": 1, "created_at": "Mon Sep 29 10:38:41 +0000 2014", "in_reply_to_screen_name": null}, {"id_str": "451685411266392065", "is_retweet": false, "text": "Charles Koch in @WSJOpinion: I'm Fighting to Restore a Free Society http://t.co/4xY1IchN7o", "source": "Twitter for Websites", "retweet_count": 1, "favorite_count": 1, "created_at": "Thu Apr 03 11:39:28 +0000 2014", "in_reply_to_screen_name": null}, {"id_str": "650668251920384000", "is_retweet": false, "text": "We bought a big bag of pecans yesterday....#coincidence? http://t.co/mwcG5mgyFT", "source": "Twitter for iPhone", "retweet_count": 0, "favorite_count": 1, "created_at": "Sun Oct 04 13:46:14 +0000 2015", "in_reply_to_screen_name": null}, {"id_str": "422871518163775488", "is_retweet": false, "text": "@its_alexisYO today's and the future workplace requires those who can collaborate across, geography, culture and expertise.", "source": "Twitter for iPhone", "retweet_count": 0, "favorite_count": 1, "created_at": "Mon Jan 13 23:23:21 +0000 2014", "in_reply_to_screen_name": "its_alexisYO"}, {"id_str": "794112927536214016", "is_retweet": true, "text": "RT @Cubs: The Chicago Cubs are going to the World Series! #FlyTheW https://t.co/Yj36tJCTCn", "source": "Twitter for iPhone", "retweet_count": 24366, "favorite_count": 0, "created_at": "Thu Nov 03 09:44:10 +0000 2016", "in_reply_to_screen_name": null}, {"id_str": "705972799291011073", "is_retweet": false, "text": "This I can tell you! 100% https://t.co/Zv3tkIkNin", "source": "Twitter for iPhone", "retweet_count": 2, "favorite_count": 5, "created_at": "Sat Mar 05 04:26:46 +0000 2016", "in_reply_to_screen_name": null}, {"id_str": "736618777337430016", "is_retweet": false, "text": "Happy Birthday to a beloved organization that protects America #92years https://t.co/6KxjOTy7Yc", "source": "Twitter for iPhone", "retweet_count": 9, "favorite_count": 13, "created_at": "Sat May 28 18:02:56 +0000 2016", "in_reply_to_screen_name": null}, {"id_str": "433622015149629440", "is_retweet": false, "text": "There're paying for the ignorance and failure of others. No account was taken of the human factor impact #insertlawerjokehere", "source": "Twitter for iPhone", "retweet_count": 0, "favorite_count": 0, "created_at": "Wed Feb 12 15:21:59 +0000 2014", "in_reply_to_screen_name": null}, {"id_str": "699301995144994816", "is_retweet": false, "text": "A President's Snow-Day #thanksgeorge https://t.co/k3rv6n3KTP", "source": "Twitter for iPhone", "retweet_count": 0, "favorite_count": 1, "created_at": "Mon Feb 15 18:39:22 +0000 2016", "in_reply_to_screen_name": null}, {"id_str": "674743173969784832", "is_retweet": false, "text": "@its_alexisYO yay!", "source": "Twitter for iPhone", "retweet_count": 0, "favorite_count": 0, "created_at": "Thu Dec 10 00:11:23 +0000 2015", "in_reply_to_screen_name": "its_alexisYO"}, {"id_str": "700306943538302976", "is_retweet": false, "text": "Viva il Papa, grazie USBP per un #popevisit successo https://t.co/0xheYAjuiF", "source": "Twitter for iPhone", "retweet_count": 0, "favorite_count": 1, "created_at": "Thu Feb 18 13:12:41 +0000 2016", "in_reply_to_screen_name": null}, {"id_str": "493128554033332224", "is_retweet": false, "text": "Ahhhh. #thenapper http://t.co/NzbH0ruPe3", "source": "iOS", "retweet_count": 1, "favorite_count": 2, "created_at": "Sat Jul 26 20:19:43 +0000 2014", "in_reply_to_screen_name": null}, {"id_str": "661177002959970304", "is_retweet": false, "text": "@NBPCGreenLine thanks #gogreen https://t.co/HDbD58gaZ3", "source": "Twitter for iPhone", "retweet_count": 1, "favorite_count": 5, "created_at": "Mon Nov 02 13:44:16 +0000 2015", "in_reply_to_screen_name": "NBPCGreenLine"}, {"id_str": "812413132102582272", "is_retweet": false, "text": "Ron Jr's 1st Cannoli #tasteofChristmas https://t.co/3E2EDByxVV", "source": "Twitter for iPhone", "retweet_count": 1, "favorite_count": 7, "created_at": "Fri Dec 23 21:42:39 +0000 2016", "in_reply_to_screen_name": null}, {"id_str": "436630938429427712", "is_retweet": false, "text": "@its_alexisYO how about the motivations of today's 20-somethings.", "source": "Twitter for iPhone", "retweet_count": 0, "favorite_count": 0, "created_at": "Thu Feb 20 22:38:22 +0000 2014", "in_reply_to_screen_name": "its_alexisYO"}, {"id_str": "448620790486167552", "is_retweet": false, "text": "Thanks for picturing me in a new light. #MLA", "source": "Twitter for iPhone", "retweet_count": 0, "favorite_count": 0, "created_at": "Wed Mar 26 00:41:46 +0000 2014", "in_reply_to_screen_name": null}, {"id_str": "731860910839611397", "is_retweet": false, "text": "#honorguard2016. #WINNER congratulations also to winners CBP pipe and drum. Thanks! https://t.co/xlUQxG2C37", "source": "Twitter for iPhone", "retweet_count": 6, "favorite_count": 8, "created_at": "Sun May 15 14:56:53 +0000 2016", "in_reply_to_screen_name": null}, {"id_str": "440432840464142336", "is_retweet": false, "text": "The commute very enjoyable on a snow day, plenty of room to stretch out. http://t.co/058ZVLlTfO", "source": "iOS", "retweet_count": 0, "favorite_count": 0, "created_at": "Mon Mar 03 10:25:46 +0000 2014", "in_reply_to_screen_name": null}, {"id_str": "593397715331096576", "is_retweet": false, "text": "@JudgeCarter Thanks for the flag and the recognition. Thanks for all you do #honoredtoserve http://t.co/UyZa4Ajnj0", "source": "Twitter for iPhone", "retweet_count": 2, "favorite_count": 1, "created_at": "Wed Apr 29 12:53:34 +0000 2015", "in_reply_to_screen_name": "JudgeCarter"}, {"id_str": "465529996363059200", "is_retweet": false, "text": "Another Bavarian Project http://t.co/jOg0or0jgb", "source": "iOS", "retweet_count": 0, "favorite_count": 1, "created_at": "Sun May 11 16:32:54 +0000 2014", "in_reply_to_screen_name": null}, {"id_str": "736206630262583296", "is_retweet": false, "text": "#Honoredtoserve https://t.co/lANGZ7HvSg", "source": "Twitter for iPhone", "retweet_count": 1, "favorite_count": 1, "created_at": "Fri May 27 14:45:13 +0000 2016", "in_reply_to_screen_name": null}, {"id_str": "735154340952834048", "is_retweet": false, "text": "Today's AOR. #oversight https://t.co/1ByQTDV9Rl", "source": "Twitter for iPhone", "retweet_count": 0, "favorite_count": 0, "created_at": "Tue May 24 17:03:48 +0000 2016", "in_reply_to_screen_name": null}, {"id_str": "461679556764921856", "is_retweet": false, "text": "Rain, rain go away http://t.co/UGkCEF5y50", "source": "iOS", "retweet_count": 0, "favorite_count": 2, "created_at": "Thu May 01 01:32:38 +0000 2014", "in_reply_to_screen_name": null}, {"id_str": "504390639858241536", "is_retweet": false, "text": "Is that Vienna or Wiehle? #mightneed specs http://t.co/EgizqqatmI", "source": "iOS", "retweet_count": 0, "favorite_count": 1, "created_at": "Tue Aug 26 22:11:14 +0000 2014", "in_reply_to_screen_name": null}, {"id_str": "517022218619207682", "is_retweet": false, "text": "@its_alexisYO @Vitiello_B2 Adam 12? When pop heroes really were good people.", "source": "Twitter for iPhone", "retweet_count": 0, "favorite_count": 1, "created_at": "Tue Sep 30 18:44:37 +0000 2014", "in_reply_to_screen_name": "its_alexisYO"}, {"id_str": "647155799228289024", "is_retweet": false, "text": "#gogreen http://t.co/qYuxha3vXx", "source": "Twitter for iPhone", "retweet_count": 1, "favorite_count": 2, "created_at": "Thu Sep 24 21:09:00 +0000 2015", "in_reply_to_screen_name": null}, {"id_str": "515624967057465344", "is_retweet": false, "text": "All the cool dudes drive rag tops http://t.co/hAHMwRzKKv", "source": "iOS", "retweet_count": 0, "favorite_count": 2, "created_at": "Fri Sep 26 22:12:26 +0000 2014", "in_reply_to_screen_name": null}, {"id_str": "786001555870904320", "is_retweet": false, "text": "@nuvit4 @adamcarolla great time! Yeah man", "source": "Twitter for iPhone", "retweet_count": 0, "favorite_count": 1, "created_at": "Wed Oct 12 00:32:28 +0000 2016", "in_reply_to_screen_name": "nuvit4"}, {"id_str": "593395985906282496", "is_retweet": false, "text": "My 30 year pin! Thanks to many and all who led the way. #honoredtoserve http://t.co/S9Z3CX1arh", "source": "Twitter for iPhone", "retweet_count": 1, "favorite_count": 5, "created_at": "Wed Apr 29 12:46:42 +0000 2015", "in_reply_to_screen_name": null}, {"id_str": "670073551903395842", "is_retweet": false, "text": "Thanksgiving with the Cantus of Armonk #grateful https://t.co/NKZVPcXC1G", "source": "Twitter for iPhone", "retweet_count": 0, "favorite_count": 1, "created_at": "Fri Nov 27 02:55:58 +0000 2015", "in_reply_to_screen_name": null}, {"id_str": "695630166874329089", "is_retweet": false, "text": "Agents wound suspect in fatal shooting.  We're blessed-agents who protect us all and the communities they live in. https://t.co/59Va2vCi3z", "source": "Twitter for iPhone", "retweet_count": 2, "favorite_count": 4, "created_at": "Fri Feb 05 15:28:50 +0000 2016", "in_reply_to_screen_name": null}, {"id_str": "730204681067180032", "is_retweet": false, "text": "Honor for the fallen and dedicated service and courageous deeds of officers and the contributions they have made https://t.co/sFk771RI1b", "source": "Twitter for iPhone", "retweet_count": 2, "favorite_count": 5, "created_at": "Wed May 11 01:15:37 +0000 2016", "in_reply_to_screen_name": null}, {"id_str": "446955925820436480", "is_retweet": false, "text": "Lido Civic Club great group of patriots. #oldschool", "source": "Twitter for iPhone", "retweet_count": 0, "favorite_count": 0, "created_at": "Fri Mar 21 10:26:11 +0000 2014", "in_reply_to_screen_name": null}, {"id_str": "752863731269468162", "is_retweet": false, "text": "Happy to meet and brief the TX democrats. The chair (Hinojosa)was very complimentary of our BP team. #honoredtoserve https://t.co/hEBf6lrEQy", "source": "Twitter for iPhone", "retweet_count": 2, "favorite_count": 12, "created_at": "Tue Jul 12 13:54:35 +0000 2016", "in_reply_to_screen_name": null}]