[{"id_str": "831592344570957824", "is_retweet": true, "text": "RT @WhiteHouse: Join us LIVE as @VP Pence participates in the swearing-in of Secretary of Veterans Affairs, Dr. David Shulkin: https://t.co\u2026", "source": "Twitter Web Client", "retweet_count": 821, "favorite_count": 0, "created_at": "Tue Feb 14 19:53:59 +0000 2017", "in_reply_to_screen_name": null}, {"id_str": "834519387382149120", "is_retweet": false, "text": "MO's people are inspiring the nation w/ their compassion for the Jewish community. Thank you for showing the world\u2026 https://t.co/fFM1xfnk32", "source": "Twitter for iPhone", "retweet_count": 2994, "favorite_count": 10902, "created_at": "Wed Feb 22 21:45:01 +0000 2017", "in_reply_to_screen_name": null}, {"id_str": "829827671995609088", "is_retweet": false, "text": "Truly honored to have a discussion with an inspiring group of African American cadets at @WestPoint_USMA. Proud of\u2026 https://t.co/AHarunkQOE", "source": "Twitter for iPhone", "retweet_count": 2467, "favorite_count": 11268, "created_at": "Thu Feb 09 23:01:49 +0000 2017", "in_reply_to_screen_name": null}, {"id_str": "825030353270218753", "is_retweet": false, "text": "One week ago today, we witnessed the historic inauguration of a president who stands for the right to life - President @realDonaldTrump.", "source": "Twitter for iPhone", "retweet_count": 2332, "favorite_count": 14203, "created_at": "Fri Jan 27 17:18:59 +0000 2017", "in_reply_to_screen_name": null}, {"id_str": "835341333137010689", "is_retweet": false, "text": "We'll replace ObamaCare with something that actually works\u2013something that\u2019s built on freedom and individual responsibility. #RJC", "source": "Twitter for iPhone", "retweet_count": 718, "favorite_count": 4043, "created_at": "Sat Feb 25 04:11:08 +0000 2017", "in_reply_to_screen_name": null}, {"id_str": "834490592918958080", "is_retweet": false, "text": "LISTEN LIVE now as I join hardworking Americans in Missouri to discuss America's economic comeback: https://t.co/VgPq0m37zR", "source": "Twitter for iPhone", "retweet_count": 816, "favorite_count": 4658, "created_at": "Wed Feb 22 19:50:36 +0000 2017", "in_reply_to_screen_name": null}, {"id_str": "834932140689272832", "is_retweet": false, "text": "We\u2019ll rein in the wasteful government spending and restore fiscal responsibility to Washington, D.C. #CPAC2017", "source": "Twitter for iPhone", "retweet_count": 999, "favorite_count": 6427, "created_at": "Fri Feb 24 01:05:09 +0000 2017", "in_reply_to_screen_name": null}, {"id_str": "835342080532570112", "is_retweet": false, "text": "Now, more than ever, we need to mobilize and march forward as if this time is the most important time in the history of our cause. #RJC", "source": "Twitter for iPhone", "retweet_count": 879, "favorite_count": 4496, "created_at": "Sat Feb 25 04:14:06 +0000 2017", "in_reply_to_screen_name": null}, {"id_str": "832933502555414528", "is_retweet": false, "text": "Today, I met Afghan @PresidentGhani to discuss U.S. support for Government of National Unity, CT cooperation, and e\u2026 https://t.co/18ShJnbMU6", "source": "Twitter for iPhone", "retweet_count": 1175, "favorite_count": 5512, "created_at": "Sat Feb 18 12:43:16 +0000 2017", "in_reply_to_screen_name": null}, {"id_str": "822573752093380608", "is_retweet": false, "text": "After riding in parade to the @WhiteHouse, we visited my new office &amp; added to a Pence family tradition with a phot\u2026 https://t.co/2kL3hwZ52m", "source": "Twitter for iPhone", "retweet_count": 4152, "favorite_count": 18114, "created_at": "Fri Jan 20 22:37:19 +0000 2017", "in_reply_to_screen_name": null}, {"id_str": "834492727656062976", "is_retweet": false, "text": ".@POTUS has signed legislation to begin to roll back the reams of red tape and regulations issued under the Obama administration.", "source": "Twitter for iPhone", "retweet_count": 975, "favorite_count": 5742, "created_at": "Wed Feb 22 19:59:05 +0000 2017", "in_reply_to_screen_name": null}, {"id_str": "832875062277476353", "is_retweet": false, "text": "On behalf of @POTUS, I assure you\u2014the US strongly supports NATO and will not waver in our commitment to our transatlantic alliance. #MSC2017", "source": "Twitter for iPhone", "retweet_count": 1259, "favorite_count": 6092, "created_at": "Sat Feb 18 08:51:03 +0000 2017", "in_reply_to_screen_name": null}, {"id_str": "834929883839070211", "is_retweet": false, "text": "Last November, the American people rose up and demanded a safer America, a more prosperous America, and a greater America. #CPAC2017", "source": "Twitter for iPhone", "retweet_count": 950, "favorite_count": 5630, "created_at": "Fri Feb 24 00:56:11 +0000 2017", "in_reply_to_screen_name": null}, {"id_str": "825054991232692224", "is_retweet": false, "text": "It was my honor to speak at the @March_for_Life today w/ my family &amp; share the commitment of @POTUS to restore cult\u2026 https://t.co/edIXEnPKSw", "source": "Twitter for iPhone", "retweet_count": 8167, "favorite_count": 31932, "created_at": "Fri Jan 27 18:56:53 +0000 2017", "in_reply_to_screen_name": null}, {"id_str": "826897447268077570", "is_retweet": false, "text": "Grateful for @SenateMajLdr's strong support for President @realDonaldTrump's Supreme Court nominee, Judge Gorsuch. https://t.co/qngrd3mnoD", "source": "Twitter for iPhone", "retweet_count": 1593, "favorite_count": 8642, "created_at": "Wed Feb 01 20:58:09 +0000 2017", "in_reply_to_screen_name": null}, {"id_str": "831901290628268032", "is_retweet": false, "text": "Great discussion led by @POTUS w/ @RILAtweets on encouraging job creation &amp; economic growth through tax relief for\u2026 https://t.co/LOQ4LNN8Fq", "source": "Twitter Web Client", "retweet_count": 1116, "favorite_count": 5378, "created_at": "Wed Feb 15 16:21:38 +0000 2017", "in_reply_to_screen_name": null}, {"id_str": "828357409563361280", "is_retweet": false, "text": "Anyone who knows the Pence family knows we can't pass up good BBQ. Had to stop by Pappa's in Houston on the way to\u2026 https://t.co/uWqvWmNSR2", "source": "Twitter for iPhone", "retweet_count": 2391, "favorite_count": 14754, "created_at": "Sun Feb 05 21:39:31 +0000 2017", "in_reply_to_screen_name": null}, {"id_str": "833020731168583680", "is_retweet": false, "text": "Great meeting with NATO ally Turkish PM @BA_Yildirim to discuss strength of the U.S.-Turkey alliance and our work t\u2026 https://t.co/qJFFZJ2MAI", "source": "Twitter for iPhone", "retweet_count": 1248, "favorite_count": 5388, "created_at": "Sat Feb 18 18:29:53 +0000 2017", "in_reply_to_screen_name": null}, {"id_str": "832876047305629696", "is_retweet": false, "text": "Just as US stood w/ Europe through end of the 20th Century, Europe stood w/ US at the outset of the 21st &amp; America will forever be grateful.", "source": "Twitter for iPhone", "retweet_count": 1009, "favorite_count": 6372, "created_at": "Sat Feb 18 08:54:58 +0000 2017", "in_reply_to_screen_name": null}, {"id_str": "830231203148070913", "is_retweet": false, "text": "Spoke w/ Argentine Pres. @mauriciomacri on strengthening partnership and efforts to enhance job creation &amp; economic growth in our countries.", "source": "Twitter for iPhone", "retweet_count": 1503, "favorite_count": 7758, "created_at": "Sat Feb 11 01:45:18 +0000 2017", "in_reply_to_screen_name": null}, {"id_str": "834493455997009920", "is_retweet": false, "text": "ObamaCare is a job killer. We'll repeal ObamaCare once and for all &amp; eliminate its mandates, taxes &amp; intrusion into businesses &amp; your lives.", "source": "Twitter for iPhone", "retweet_count": 1939, "favorite_count": 9623, "created_at": "Wed Feb 22 20:01:58 +0000 2017", "in_reply_to_screen_name": null}, {"id_str": "834930423499214848", "is_retweet": false, "text": ".@POTUS Trump has assembled the strongest conservative cabinet in my lifetime\u2014bar none. #CPAC2017", "source": "Twitter for iPhone", "retweet_count": 1221, "favorite_count": 5715, "created_at": "Fri Feb 24 00:58:19 +0000 2017", "in_reply_to_screen_name": null}, {"id_str": "835341596220542977", "is_retweet": false, "text": "We\u2019re going to roll back job-killing regulations and we\u2019re going to rescind unconstitutional executive orders signed by Barack Obama. #RJC", "source": "Twitter for iPhone", "retweet_count": 872, "favorite_count": 4416, "created_at": "Sat Feb 25 04:12:11 +0000 2017", "in_reply_to_screen_name": null}, {"id_str": "834930058699673600", "is_retweet": false, "text": "Our fight didn\u2019t end on November 8. We won the day, but the harder battles and the most important work now lies ahead. #CPAC2017", "source": "Twitter for iPhone", "retweet_count": 990, "favorite_count": 5486, "created_at": "Fri Feb 24 00:56:52 +0000 2017", "in_reply_to_screen_name": null}, {"id_str": "831261850583105536", "is_retweet": false, "text": "Visiting new office in the House of Reps. Discussing @POTUS agenda to #MAGA, including repeal &amp; replace of ObamaCar\u2026 https://t.co/gTC5hAiscK", "source": "Twitter for iPhone", "retweet_count": 1706, "favorite_count": 10457, "created_at": "Mon Feb 13 22:00:43 +0000 2017", "in_reply_to_screen_name": null}, {"id_str": "830185796892241924", "is_retweet": false, "text": "Japan has a strong ally in this administration. Look forward to partnering with Prime Minister @AbeShinzo and Japan https://t.co/cXljYvBSnC", "source": "Twitter for iPhone", "retweet_count": 1793, "favorite_count": 7556, "created_at": "Fri Feb 10 22:44:52 +0000 2017", "in_reply_to_screen_name": null}, {"id_str": "835340524441608192", "is_retweet": false, "text": "While @POTUS focuses on security at home and abroad, we\u2019re also working tirelessly on a three-part agenda at home: jobs, jobs, &amp; jobs. #RJC", "source": "Twitter for iPhone", "retweet_count": 503, "favorite_count": 2994, "created_at": "Sat Feb 25 04:07:55 +0000 2017", "in_reply_to_screen_name": null}, {"id_str": "826163177490628608", "is_retweet": false, "text": "Grateful to welcome King Abdullah II of Jordan this morning as first foreign leader to visit VP Residence. https://t.co/LXjWcD8jRi", "source": "Twitter for iPhone", "retweet_count": 7876, "favorite_count": 32733, "created_at": "Mon Jan 30 20:20:25 +0000 2017", "in_reply_to_screen_name": null}, {"id_str": "832911322199240704", "is_retweet": false, "text": "Had a productive conversation w/ Chancellor Merkel on enduring U.S.-Germany partnership and cooperation on global c\u2026 https://t.co/DvBJaDX520", "source": "Twitter for iPhone", "retweet_count": 1084, "favorite_count": 6211, "created_at": "Sat Feb 18 11:15:08 +0000 2017", "in_reply_to_screen_name": null}, {"id_str": "826599863748018176", "is_retweet": false, "text": "Judge Gorsuch is one of the most mainstream, respected, and exceptionally qualified Supreme Court nominees in American history.", "source": "Twitter for iPhone", "retweet_count": 4331, "favorite_count": 19699, "created_at": "Wed Feb 01 01:15:39 +0000 2017", "in_reply_to_screen_name": null}, {"id_str": "834493091453206528", "is_retweet": false, "text": "The ObamaCare nightmare is about to end. Despite the best efforts of liberal activists around the country, America knows ObamaCare's failed.", "source": "Twitter for iPhone", "retweet_count": 2230, "favorite_count": 10421, "created_at": "Wed Feb 22 20:00:31 +0000 2017", "in_reply_to_screen_name": null}, {"id_str": "829856241144958976", "is_retweet": false, "text": "Second, know that our soldiers &amp; their families will always have @POTUS Trump and my prayers, and the prayers of the entire American people.", "source": "Twitter for iPhone", "retweet_count": 1744, "favorite_count": 8156, "created_at": "Fri Feb 10 00:55:20 +0000 2017", "in_reply_to_screen_name": "VP"}, {"id_str": "832004053475454976", "is_retweet": false, "text": "As @POTUS made clear, we are committed to working with Israel and our common allies in the region toward greater se\u2026 https://t.co/3Nil9YWgSW", "source": "Twitter Web Client", "retweet_count": 2111, "favorite_count": 10204, "created_at": "Wed Feb 15 23:09:58 +0000 2017", "in_reply_to_screen_name": null}, {"id_str": "824384975374086145", "is_retweet": false, "text": "The Dow closes above 20K for 1st time in history. US economy is being unleashed under President @realDonaldTrump. \ud83c\uddfa\ud83c\uddf8 https://t.co/z4f7KdDMXm", "source": "Twitter for iPhone", "retweet_count": 4782, "favorite_count": 18667, "created_at": "Wed Jan 25 22:34:29 +0000 2017", "in_reply_to_screen_name": null}, {"id_str": "826961430784122880", "is_retweet": true, "text": "RT @POTUS: Congratulations to our new Secretary of State Rex Tillerson, sworn-in this evening by @VP Mike Pence. https://t.co/YvLoJZUKj8", "source": "Twitter for iPhone", "retweet_count": 10284, "favorite_count": 0, "created_at": "Thu Feb 02 01:12:23 +0000 2017", "in_reply_to_screen_name": null}, {"id_str": "827921870783705089", "is_retweet": false, "text": "WATCH LIVE at noon as I join the Philadelphia @FedSoc to discuss the Constitution &amp; #SCOTUS nominee @GorsuchFacts. https://t.co/w6zuiBssf5", "source": "Twitter for iPhone", "retweet_count": 644, "favorite_count": 3409, "created_at": "Sat Feb 04 16:48:50 +0000 2017", "in_reply_to_screen_name": null}, {"id_str": "831649940942254080", "is_retweet": false, "text": "Enjoyed visiting with my friend @GovChristie at the @WhiteHouse today. Looking forward to Chris and fellow governor\u2026 https://t.co/BxSLkmHeN1", "source": "Twitter for iPhone", "retweet_count": 1032, "favorite_count": 5508, "created_at": "Tue Feb 14 23:42:51 +0000 2017", "in_reply_to_screen_name": null}, {"id_str": "826599338856083456", "is_retweet": false, "text": "Tonight, @POTUS nominated a Supreme Court Justice who will uphold the God-given liberties enshrined in our constitu\u2026 https://t.co/KArN4gfRnM", "source": "Twitter for iPhone", "retweet_count": 2455, "favorite_count": 11592, "created_at": "Wed Feb 01 01:13:34 +0000 2017", "in_reply_to_screen_name": null}, {"id_str": "825029993159917568", "is_retweet": false, "text": "Life is winning in America. Today's @March_for_Life is a celebration of the progress that we have made in the cause.", "source": "Twitter for iPhone", "retweet_count": 3021, "favorite_count": 14890, "created_at": "Fri Jan 27 17:17:33 +0000 2017", "in_reply_to_screen_name": null}, {"id_str": "824298556777525248", "is_retweet": false, "text": "It was my privilege to administer the Oath of Office to the new United States Ambassador to the United Nations\u2026 https://t.co/G7qx7Qz1Mv", "source": "Twitter for iPhone", "retweet_count": 2345, "favorite_count": 11129, "created_at": "Wed Jan 25 16:51:05 +0000 2017", "in_reply_to_screen_name": null}, {"id_str": "823259172342992896", "is_retweet": false, "text": "It is my distinct honor to administer the Oath of Office to this group of talented men &amp; women as Assistants to Pre\u2026 https://t.co/9XcoIyyoP3", "source": "Twitter for iPhone", "retweet_count": 9283, "favorite_count": 45468, "created_at": "Sun Jan 22 20:00:56 +0000 2017", "in_reply_to_screen_name": null}, {"id_str": "834930611588587521", "is_retweet": false, "text": "This is the time to prove again that conservative answers are still the right answers for America. #CPAC2017", "source": "Twitter for iPhone", "retweet_count": 881, "favorite_count": 5246, "created_at": "Fri Feb 24 00:59:04 +0000 2017", "in_reply_to_screen_name": null}, {"id_str": "831656834356375553", "is_retweet": false, "text": "As @DeptVetAffairs Secretary, Dr. David Shulkin will fulfill our nation's promise to care for those who have sacrif\u2026 https://t.co/9z3OTTTmRE", "source": "Twitter for iPhone", "retweet_count": 3927, "favorite_count": 19827, "created_at": "Wed Feb 15 00:10:15 +0000 2017", "in_reply_to_screen_name": null}, {"id_str": "832917472957317120", "is_retweet": false, "text": "Appreciate the kind response following my address at @MunSecConf reaffirming @POTUS commitment to NATO and Europe. https://t.co/i2ITmbLmbH", "source": "Twitter for iPhone", "retweet_count": 1095, "favorite_count": 6027, "created_at": "Sat Feb 18 11:39:35 +0000 2017", "in_reply_to_screen_name": null}, {"id_str": "834932037731627008", "is_retweet": false, "text": "We\u2019re going to keep rolling back job-killing regulations and rescind unconstitutional executive orders signed by Barack Obama. #CPAC2017", "source": "Twitter for iPhone", "retweet_count": 1611, "favorite_count": 7740, "created_at": "Fri Feb 24 01:04:44 +0000 2017", "in_reply_to_screen_name": null}, {"id_str": "832636587380989952", "is_retweet": false, "text": "Enjoyed yesterday's discourse on ways to empower and revitalize distressed communities through economic development\u2026 https://t.co/YZr4JBFUKe", "source": "Twitter Web Client", "retweet_count": 1237, "favorite_count": 6137, "created_at": "Fri Feb 17 17:03:26 +0000 2017", "in_reply_to_screen_name": null}, {"id_str": "827911610811478016", "is_retweet": false, "text": "Couldn't pass this close to the Liberty Bell \ud83d\udd14 without stopping by to see this symbol of American Freedom for mysel\u2026 https://t.co/c6gJX4bLgT", "source": "Twitter for iPhone", "retweet_count": 2159, "favorite_count": 13049, "created_at": "Sat Feb 04 16:08:04 +0000 2017", "in_reply_to_screen_name": null}, {"id_str": "834567723246043136", "is_retweet": true, "text": "RT @WhiteHouse: Happy birthday, George Washington! Learn more about our first President here: https://t.co/NQSN4lfTOu https://t.co/CD2dn6YI\u2026", "source": "Twitter for iPhone", "retweet_count": 1781, "favorite_count": 0, "created_at": "Thu Feb 23 00:57:05 +0000 2017", "in_reply_to_screen_name": null}, {"id_str": "835340611347632129", "is_retweet": false, "text": ".@POTUS Trump has already taken action that\u2019s putting America back to work and getting our economy moving. #RJC", "source": "Twitter for iPhone", "retweet_count": 519, "favorite_count": 3121, "created_at": "Sat Feb 25 04:08:16 +0000 2017", "in_reply_to_screen_name": null}, {"id_str": "822505454450470912", "is_retweet": false, "text": "It is the honor of my life to serve our country, alongside President @realDonaldTrump, as the 48th Vice President o\u2026 https://t.co/EH19nOUqxQ", "source": "Twitter for iPhone", "retweet_count": 5649, "favorite_count": 18829, "created_at": "Fri Jan 20 18:05:56 +0000 2017", "in_reply_to_screen_name": null}, {"id_str": "826897665082396672", "is_retweet": true, "text": "RT @SenateMajLdr: Meeting w #NeilGorsuch &amp; @VP this morning only solidifies my support for @POTUS' selection for #SCOTUS. He will be an out\u2026", "source": "Twitter for iPhone", "retweet_count": 1002, "favorite_count": 0, "created_at": "Wed Feb 01 20:59:01 +0000 2017", "in_reply_to_screen_name": null}, {"id_str": "826596438578757633", "is_retweet": false, "text": "Tune in LIVE now as @realDonaldTrump announces his nominee for the Supreme Court of the United States \u2014&gt; https://t.co/yya8lPI0nb", "source": "Twitter for iPhone", "retweet_count": 524, "favorite_count": 4061, "created_at": "Wed Feb 01 01:02:03 +0000 2017", "in_reply_to_screen_name": null}, {"id_str": "829510642826625024", "is_retweet": true, "text": "RT @realDonaldTrump: Congratulations to our new Attorney General, @SenatorSessions! https://t.co/e0buP1K83z", "source": "Twitter for iPhone", "retweet_count": 33132, "favorite_count": 0, "created_at": "Thu Feb 09 02:02:03 +0000 2017", "in_reply_to_screen_name": null}, {"id_str": "826605554797858816", "is_retweet": true, "text": "RT @GorsuchFacts: .@POTUS Trump has chosen a #SCOTUS with a brilliant legal mind, sterling academic credentials, &amp; a commitment to constitu\u2026", "source": "Twitter for iPhone", "retweet_count": 7733, "favorite_count": 0, "created_at": "Wed Feb 01 01:38:16 +0000 2017", "in_reply_to_screen_name": null}, {"id_str": "834936518980616192", "is_retweet": true, "text": "RT @CPAC: Watch Vice President Mike Pence's full #CPAC speech! @VP #CPAC2017 https://t.co/QS5z34Xuso", "source": "Twitter for iPhone", "retweet_count": 2373, "favorite_count": 0, "created_at": "Fri Feb 24 01:22:33 +0000 2017", "in_reply_to_screen_name": null}, {"id_str": "827655590163972097", "is_retweet": true, "text": "RT @POTUS: .@VP Pence on the #economy: https://t.co/3sZaoWh3au", "source": "Twitter for iPhone", "retweet_count": 4391, "favorite_count": 0, "created_at": "Fri Feb 03 23:10:44 +0000 2017", "in_reply_to_screen_name": null}, {"id_str": "832362311897718785", "is_retweet": true, "text": "RT @WhiteHouse: Coming up LIVE: @VP Pence participates in the swearing-in of OMB Director, Mick Mulvaney: https://t.co/FRmhXRiQVz https://t\u2026", "source": "Twitter Web Client", "retweet_count": 1088, "favorite_count": 0, "created_at": "Thu Feb 16 22:53:34 +0000 2017", "in_reply_to_screen_name": null}, {"id_str": "833711181168836608", "is_retweet": false, "text": "Productive meeting with @jensstoltenberg. Under @POTUS, the U.S. strongly supports @NATO because a stronger NATO me\u2026 https://t.co/KVlEdsSkw2", "source": "Twitter for iPhone", "retweet_count": 1004, "favorite_count": 5124, "created_at": "Mon Feb 20 16:13:29 +0000 2017", "in_reply_to_screen_name": null}, {"id_str": "829344291587813380", "is_retweet": false, "text": "Thank you to the DC metro area law enforcement agencies for their work protecting our communities, including new re\u2026 https://t.co/n8iVi84Ovq", "source": "Twitter for iPhone", "retweet_count": 5161, "favorite_count": 26238, "created_at": "Wed Feb 08 15:01:02 +0000 2017", "in_reply_to_screen_name": null}, {"id_str": "827251368146644992", "is_retweet": false, "text": ".@POTUS and I enjoyed welcoming @harleydavidson execs &amp; union leaders to the @WhiteHouse to discuss keeping America\u2026 https://t.co/jkzcf5fFyt", "source": "Twitter for iPhone", "retweet_count": 3421, "favorite_count": 13873, "created_at": "Thu Feb 02 20:24:30 +0000 2017", "in_reply_to_screen_name": null}, {"id_str": "829423686985867264", "is_retweet": false, "text": "Standing side-by-side w/ America's workers &amp; businesses, @POTUS delivers on his promise to promote job growth &amp; unl\u2026 https://t.co/01Bi7H8OvP", "source": "Twitter for iPhone", "retweet_count": 1712, "favorite_count": 8227, "created_at": "Wed Feb 08 20:16:31 +0000 2017", "in_reply_to_screen_name": null}, {"id_str": "835341651144925185", "is_retweet": false, "text": "We\u2019ll enact real education reform that gives families more choices &amp; ends a broken system that puts status quo ahead of student success #RJC", "source": "Twitter for iPhone", "retweet_count": 629, "favorite_count": 3599, "created_at": "Sat Feb 25 04:12:24 +0000 2017", "in_reply_to_screen_name": null}, {"id_str": "834492253871734799", "is_retweet": false, "text": "We know that small businesses are the engines of our economy\u2014the beating heart that creates jobs and prosperity and growth.", "source": "Twitter for iPhone", "retweet_count": 950, "favorite_count": 5726, "created_at": "Wed Feb 22 19:57:12 +0000 2017", "in_reply_to_screen_name": null}, {"id_str": "826601251790012416", "is_retweet": false, "text": "Supreme Court nominee Judge Gorsuch firmly stands as a strict constructionist, fitting the mold of the late Justice Antonin Scalia.", "source": "Twitter for iPhone", "retweet_count": 2854, "favorite_count": 13932, "created_at": "Wed Feb 01 01:21:10 +0000 2017", "in_reply_to_screen_name": null}, {"id_str": "825107821461114880", "is_retweet": false, "text": "This #HolocaustRemembrance Day, we join the Jewish people to remember the victims &amp; honor the survivors of the past for sake of the future.", "source": "Twitter for iPhone", "retweet_count": 2454, "favorite_count": 10093, "created_at": "Fri Jan 27 22:26:49 +0000 2017", "in_reply_to_screen_name": null}, {"id_str": "831638504685916161", "is_retweet": false, "text": ".@Linda_McMahon worked hard to turn her small business into an American success story. Now, she'll lead @SBAgov and\u2026 https://t.co/D8SfeFQIch", "source": "Twitter Web Client", "retweet_count": 988, "favorite_count": 5063, "created_at": "Tue Feb 14 22:57:25 +0000 2017", "in_reply_to_screen_name": null}, {"id_str": "825027839523188736", "is_retweet": false, "text": "WATCH LIVE now as @SecondLady, @KellyannePolls and I take the stage at @March_for_Life https://t.co/RWlC2fykKI", "source": "Twitter for iPhone", "retweet_count": 892, "favorite_count": 3889, "created_at": "Fri Jan 27 17:08:59 +0000 2017", "in_reply_to_screen_name": null}, {"id_str": "833334018313744386", "is_retweet": false, "text": "Moving and emotional tour of Dachau today. We can never forget atrocities against Jews and others in the Holocaust. https://t.co/69GWN2DKDF", "source": "Twitter for iPhone", "retweet_count": 3846, "favorite_count": 14854, "created_at": "Sun Feb 19 15:14:47 +0000 2017", "in_reply_to_screen_name": null}, {"id_str": "832350030333882368", "is_retweet": true, "text": "RT @netanyahu: An excellent meeting with @VP Mike Pence \u2013 a true friend of Israel! https://t.co/XMp2gVOOD2", "source": "Twitter for iPhone", "retweet_count": 8354, "favorite_count": 0, "created_at": "Thu Feb 16 22:04:46 +0000 2017", "in_reply_to_screen_name": null}, {"id_str": "829127810560249856", "is_retweet": false, "text": "Our nation's success depends on our students' education. @BetsyDeVos will help us ensure every child has the best s\u2026 https://t.co/Vj8S5I2eTM", "source": "Twitter for iPhone", "retweet_count": 2521, "favorite_count": 11823, "created_at": "Wed Feb 08 00:40:49 +0000 2017", "in_reply_to_screen_name": null}, {"id_str": "828310998796873728", "is_retweet": false, "text": "Honored to welcome on Air Force 2, as our guests to the Super Bowl LI, two American heroes \ud83c\uddfa\ud83c\uddf8who were injured in th\u2026 https://t.co/9uNA1sbrl1", "source": "Twitter for iPhone", "retweet_count": 3797, "favorite_count": 14827, "created_at": "Sun Feb 05 18:35:06 +0000 2017", "in_reply_to_screen_name": null}, {"id_str": "827293113865613318", "is_retweet": false, "text": "After Munich I'll head to Brussels, where I look forward to engaging with European Allies &amp; partners &amp; discussing how to strengthen our ties", "source": "Twitter for iPhone", "retweet_count": 1963, "favorite_count": 10684, "created_at": "Thu Feb 02 23:10:23 +0000 2017", "in_reply_to_screen_name": null}, {"id_str": "825031677386821632", "is_retweet": false, "text": ".@POTUS and I stand with the @March_for_Life. Be assured, we will not rest until we restore a culture of life for ourselves &amp; our posterity.", "source": "Twitter for iPhone", "retweet_count": 4123, "favorite_count": 18455, "created_at": "Fri Jan 27 17:24:14 +0000 2017", "in_reply_to_screen_name": null}, {"id_str": "826871682702905345", "is_retweet": true, "text": "RT @marc_lotter: Tune in right now to @rushlimbaugh to hear @VP talk about extremely qualified Supreme Court nominee @GorsuchFacts. https:/\u2026", "source": "Twitter for iPhone", "retweet_count": 452, "favorite_count": 0, "created_at": "Wed Feb 01 19:15:46 +0000 2017", "in_reply_to_screen_name": null}, {"id_str": "826973464078716935", "is_retweet": false, "text": "As #BlackHistoryMonth\u00a0begins, we remember when Pres. Lincoln submitted the 13th Amendment, ending slavery, to the states #NationalFreedomDay", "source": "Twitter for iPhone", "retweet_count": 3844, "favorite_count": 14319, "created_at": "Thu Feb 02 02:00:12 +0000 2017", "in_reply_to_screen_name": null}, {"id_str": "834930819600957440", "is_retweet": false, "text": ".@POTUS is supporting law enforcement &amp; ending illegal immigration. He\u2019s rolling back big government &amp; slashing through red tape. #CPAC2017", "source": "Twitter for iPhone", "retweet_count": 1020, "favorite_count": 5416, "created_at": "Fri Feb 24 00:59:54 +0000 2017", "in_reply_to_screen_name": null}, {"id_str": "831283510057062400", "is_retweet": false, "text": "Meeting with lawmakers on the Hill to craft a solution to broaden healthcare access &amp; improve quality &amp; affordabili\u2026 https://t.co/8I08UC11Gk", "source": "Twitter Web Client", "retweet_count": 1407, "favorite_count": 7398, "created_at": "Mon Feb 13 23:26:47 +0000 2017", "in_reply_to_screen_name": null}, {"id_str": "827930043787640833", "is_retweet": false, "text": "Rest assured, we will work w/ Senate leadership to ensure that Judge Gorsuch gets an up-or-down vote on the Senate floor- one way the other", "source": "Twitter for iPhone", "retweet_count": 1661, "favorite_count": 9168, "created_at": "Sat Feb 04 17:21:19 +0000 2017", "in_reply_to_screen_name": null}, {"id_str": "823722247038898180", "is_retweet": false, "text": "Tonight I had the privilege to administer the Oath of Office to Mike Pompeo as the new Director of the Central Inte\u2026 https://t.co/v2oAu0NG4L", "source": "Twitter for iPhone", "retweet_count": 6374, "favorite_count": 29468, "created_at": "Tue Jan 24 02:41:02 +0000 2017", "in_reply_to_screen_name": null}, {"id_str": "829034363664875528", "is_retweet": false, "text": "While on the Hill, popped into House @RepublicanStudy Committee lunch\u2014a group I was honored to chair &amp; will work wi\u2026 https://t.co/7VeoScKcRO", "source": "Twitter for iPhone", "retweet_count": 1084, "favorite_count": 5997, "created_at": "Tue Feb 07 18:29:29 +0000 2017", "in_reply_to_screen_name": null}, {"id_str": "831554042279104514", "is_retweet": false, "text": "Don't ruin the surprise. Ready to share our 34th Valentine's Day with my valentine, Karen. https://t.co/PpokT6fWxi", "source": "Twitter for iPhone", "retweet_count": 1531, "favorite_count": 11330, "created_at": "Tue Feb 14 17:21:47 +0000 2017", "in_reply_to_screen_name": null}, {"id_str": "826909716605460480", "is_retweet": false, "text": "Tune in to @NewsHour tonight as I sit down with @JudyWoodruff to discuss @POTUS' SCOTUS nominee. Watch the intervie\u2026 https://t.co/HAJXz4Ru3o", "source": "Twitter for iPhone", "retweet_count": 828, "favorite_count": 4070, "created_at": "Wed Feb 01 21:46:54 +0000 2017", "in_reply_to_screen_name": null}, {"id_str": "834931961818976256", "is_retweet": false, "text": "We\u2019re going to get this economy moving again by cutting taxes for working families, small businesses, and family farms. #CPAC2017", "source": "Twitter for iPhone", "retweet_count": 1059, "favorite_count": 6225, "created_at": "Fri Feb 24 01:04:26 +0000 2017", "in_reply_to_screen_name": null}, {"id_str": "830195749472317441", "is_retweet": false, "text": "Thanks! I\u2019ll start putting it to good use next week. Under the Constitution I may be Senate President, but I'll nev\u2026 https://t.co/o3Z1QubIs7", "source": "Twitter for iPhone", "retweet_count": 1701, "favorite_count": 11310, "created_at": "Fri Feb 10 23:24:25 +0000 2017", "in_reply_to_screen_name": null}, {"id_str": "832568238999494656", "is_retweet": false, "text": "Next stop Munich. Looking forward to sharing @POTUS message of a stronger &amp; safer world with our allies while in Ge\u2026 https://t.co/GKTNSs3tFL", "source": "Twitter for iPhone", "retweet_count": 2750, "favorite_count": 14696, "created_at": "Fri Feb 17 12:31:51 +0000 2017", "in_reply_to_screen_name": null}, {"id_str": "835341537785479169", "is_retweet": false, "text": "Under @POTUS, we\u2019re going to get this economy moving by cutting taxes for working families, small businesses, and family farms. #RJC", "source": "Twitter for iPhone", "retweet_count": 643, "favorite_count": 3585, "created_at": "Sat Feb 25 04:11:57 +0000 2017", "in_reply_to_screen_name": null}, {"id_str": "832874605010247681", "is_retweet": false, "text": "WATCH LIVE now as I address the @MunSecConf and outline @POTUS Trump's commitment to global security \u2014&gt; https://t.co/ajL5D0iR7c", "source": "Twitter for iPhone", "retweet_count": 466, "favorite_count": 2489, "created_at": "Sat Feb 18 08:49:14 +0000 2017", "in_reply_to_screen_name": null}, {"id_str": "831554562364416009", "is_retweet": false, "text": "Stopped by Tuesday Group lunch w/ great GOP leaders in House. Discussing tax reform and repeal &amp; replace ObamaCare. https://t.co/0cT8a1BdPP", "source": "Twitter for iPhone", "retweet_count": 927, "favorite_count": 5185, "created_at": "Tue Feb 14 17:23:51 +0000 2017", "in_reply_to_screen_name": null}, {"id_str": "832877804731502592", "is_retweet": false, "text": "We must hold Russia accountable and demand that they honor the Minsk Agreements, beginning by de-escalating the violence in eastern Ukraine.", "source": "Twitter for iPhone", "retweet_count": 2665, "favorite_count": 11533, "created_at": "Sat Feb 18 09:01:57 +0000 2017", "in_reply_to_screen_name": null}, {"id_str": "831317808432762882", "is_retweet": true, "text": "RT @WhiteHouse: Watch LIVE as @POTUS &amp; @VP participate in the swearing-in of Secretary of the Treasury, Steven Mnuchin: https://t.co/V5yUpS\u2026", "source": "Twitter Web Client", "retweet_count": 1076, "favorite_count": 0, "created_at": "Tue Feb 14 01:43:05 +0000 2017", "in_reply_to_screen_name": null}, {"id_str": "835343135748214784", "is_retweet": false, "text": "With boundless confidence in the American people, I know that under the leadership of @POTUS Trump, we will Make America Great Again. #RJC", "source": "Twitter for iPhone", "retweet_count": 922, "favorite_count": 4843, "created_at": "Sat Feb 25 04:18:18 +0000 2017", "in_reply_to_screen_name": null}, {"id_str": "831338116225056768", "is_retweet": false, "text": "As one of America's foremost business leaders and economic experts, Steven Mnuchin will serve America well as\u2026 https://t.co/5uNaeKk6bN", "source": "Twitter for iPhone", "retweet_count": 1535, "favorite_count": 8148, "created_at": "Tue Feb 14 03:03:47 +0000 2017", "in_reply_to_screen_name": null}, {"id_str": "822550488759631881", "is_retweet": true, "text": "RT @POTUS: #InaugurationDay Speech\ud83c\uddfa\ud83c\uddf8\nhttps://t.co/2h8yWMYQz9 https://t.co/Q9u8n9vez2", "source": "Twitter for iPhone", "retweet_count": 20574, "favorite_count": 0, "created_at": "Fri Jan 20 21:04:53 +0000 2017", "in_reply_to_screen_name": null}, {"id_str": "824030484183261185", "is_retweet": false, "text": "Action today by President @realDonaldTrump will create jobs and help lower American energy costs. https://t.co/qtOVNNUzO3", "source": "Twitter for iPhone", "retweet_count": 1889, "favorite_count": 8224, "created_at": "Tue Jan 24 23:05:51 +0000 2017", "in_reply_to_screen_name": null}, {"id_str": "834172857898905600", "is_retweet": false, "text": "Pleased to welcome Foreign Minister @JulieBishopMP to the @WhiteHouse today to reaffirm close ties with our ally, p\u2026 https://t.co/ADVd3sl2XD", "source": "Twitter for iPhone", "retweet_count": 1343, "favorite_count": 6899, "created_at": "Tue Feb 21 22:48:02 +0000 2017", "in_reply_to_screen_name": null}, {"id_str": "833750523455139842", "is_retweet": false, "text": "As @POTUS Trump has said: for too long, too many in @NATO haven't done their part to fairly pay the cost of our common defense.", "source": "Twitter for iPhone", "retweet_count": 1528, "favorite_count": 7340, "created_at": "Mon Feb 20 18:49:49 +0000 2017", "in_reply_to_screen_name": null}, {"id_str": "827927710005604352", "is_retweet": false, "text": "Judge Gorsuch is one of the most mainstream, respected, and exceptionally qualified Supreme Court nominees in American history.", "source": "Twitter for iPhone", "retweet_count": 2058, "favorite_count": 9908, "created_at": "Sat Feb 04 17:12:02 +0000 2017", "in_reply_to_screen_name": null}, {"id_str": "834930159966892032", "is_retweet": false, "text": ".@POTUS is fighting for you every single day. He's a man of his word &amp; we\u2019re keeping the promises he made to the American people. #CPAC2017", "source": "Twitter for iPhone", "retweet_count": 1202, "favorite_count": 5950, "created_at": "Fri Feb 24 00:57:17 +0000 2017", "in_reply_to_screen_name": null}, {"id_str": "833750899382181888", "is_retweet": false, "text": "America will continue to do our part but Europe's defense requires Europe's commitment as much as it does ours.", "source": "Twitter for iPhone", "retweet_count": 1871, "favorite_count": 9682, "created_at": "Mon Feb 20 18:51:19 +0000 2017", "in_reply_to_screen_name": null}, {"id_str": "834925839972192257", "is_retweet": false, "text": "Hello, @CPAC. It\u2019s great to be back. We will see you soon. #CPAC2017 https://t.co/q6YcIFbiBC", "source": "Twitter for iPhone", "retweet_count": 798, "favorite_count": 5307, "created_at": "Fri Feb 24 00:40:07 +0000 2017", "in_reply_to_screen_name": null}, {"id_str": "832877904472141825", "is_retweet": false, "text": "Know this: The US will continue to hold Russia accountable, even as we search for new common ground, which @POTUS believes can be found.", "source": "Twitter for iPhone", "retweet_count": 1662, "favorite_count": 8527, "created_at": "Sat Feb 18 09:02:21 +0000 2017", "in_reply_to_screen_name": null}, {"id_str": "834958729715953664", "is_retweet": true, "text": "RT @marc_lotter: Tonight at @CPAC - @VP Mike Pence  tells conservatives \"This our time.\" https://t.co/sBB6mKBrSu via @WashTimes", "source": "Twitter for iPhone", "retweet_count": 519, "favorite_count": 0, "created_at": "Fri Feb 24 02:50:48 +0000 2017", "in_reply_to_screen_name": null}, {"id_str": "829857848171569152", "is_retweet": false, "text": "Grateful to join @WestPoint_USMA to award the Henry O. Flipper award and honor a few inspiring heroes who have over\u2026 https://t.co/rqoGf5fl7f", "source": "Twitter for iPhone", "retweet_count": 1442, "favorite_count": 6862, "created_at": "Fri Feb 10 01:01:43 +0000 2017", "in_reply_to_screen_name": null}, {"id_str": "832979656701775872", "is_retweet": false, "text": "In meeting w/ Baltic leaders @Grybauskaite_LT, @vejonis, &amp; @KerstiKaljulaid, I reaffirmed US commitment to their se\u2026 https://t.co/vhqT5Gv4c4", "source": "Twitter for iPhone", "retweet_count": 1356, "favorite_count": 5812, "created_at": "Sat Feb 18 15:46:40 +0000 2017", "in_reply_to_screen_name": null}, {"id_str": "827646813326995457", "is_retweet": false, "text": "Proud to stand alongside @POTUS as he signed an EO that will help empower Americans to make their own financial dec\u2026 https://t.co/M5XtRVJAhk", "source": "Twitter for iPhone", "retweet_count": 1931, "favorite_count": 9077, "created_at": "Fri Feb 03 22:35:51 +0000 2017", "in_reply_to_screen_name": null}, {"id_str": "835205032836493312", "is_retweet": false, "text": "As our states succeed, our country succeeds. @POTUS and I are committed to forging strong partnerships with America's governors.", "source": "Twitter Web Client", "retweet_count": 755, "favorite_count": 3724, "created_at": "Fri Feb 24 19:09:31 +0000 2017", "in_reply_to_screen_name": "VP"}, {"id_str": "832875222541881344", "is_retweet": false, "text": "We have been faithful for generations\u2014and as you keep faith with us, under @POTUS Trump we will always keep faith with you. #MSC2017", "source": "Twitter for iPhone", "retweet_count": 1041, "favorite_count": 6030, "created_at": "Sat Feb 18 08:51:41 +0000 2017", "in_reply_to_screen_name": null}, {"id_str": "826928518042882048", "is_retweet": false, "text": "Dorothy Height, an inspiring civil rights leader, will be honored in the @USPS Black Heritage stamp series.\u2026 https://t.co/gGvcWp2MmX", "source": "Twitter for iPhone", "retweet_count": 1318, "favorite_count": 5496, "created_at": "Wed Feb 01 23:01:36 +0000 2017", "in_reply_to_screen_name": null}, {"id_str": "829007595956498432", "is_retweet": false, "text": ".@POTUS and I extend our thanks to those in law enforcement who protect our communities and are dedicated to our sa\u2026 https://t.co/biLnB0MwoL", "source": "Twitter for iPhone", "retweet_count": 1893, "favorite_count": 9038, "created_at": "Tue Feb 07 16:43:07 +0000 2017", "in_reply_to_screen_name": null}, {"id_str": "824757313441525761", "is_retweet": false, "text": "Honored to meet with Pro-Life leaders in my office tonight. Just told them I look forward to addressing National\u2026 https://t.co/TZV4id4N8R", "source": "Twitter for iPhone", "retweet_count": 10573, "favorite_count": 40153, "created_at": "Thu Jan 26 23:14:01 +0000 2017", "in_reply_to_screen_name": null}, {"id_str": "827930136859254785", "is_retweet": false, "text": "This SCOTUS seat doesn't belong to any party, ideology, or interest group. It belongs to the American people\u2013and Am\u2026 https://t.co/HjOW4CeWwa", "source": "Twitter for iPhone", "retweet_count": 7316, "favorite_count": 29565, "created_at": "Sat Feb 04 17:21:41 +0000 2017", "in_reply_to_screen_name": null}, {"id_str": "826589378906640384", "is_retweet": false, "text": "Congrats to newly sworn-in @USDOT Secretary @ElaineChao, who will oversee historic investments in our nation's infr\u2026 https://t.co/4lqyODD1ny", "source": "Twitter for iPhone", "retweet_count": 1757, "favorite_count": 7910, "created_at": "Wed Feb 01 00:33:59 +0000 2017", "in_reply_to_screen_name": null}, {"id_str": "834492522693066757", "is_retweet": false, "text": "On Day One, @POTUS went right to work on a plan to cut taxes for working families, small businesses, and family farms.", "source": "Twitter for iPhone", "retweet_count": 1014, "favorite_count": 6188, "created_at": "Wed Feb 22 19:58:16 +0000 2017", "in_reply_to_screen_name": null}, {"id_str": "834809396823744513", "is_retweet": false, "text": "We hosted some of the country\u2019s largest manufacturers for small working group sessions to discuss the need to boost\u2026 https://t.co/djjaD9krGe", "source": "Twitter for iPhone", "retweet_count": 3461, "favorite_count": 15828, "created_at": "Thu Feb 23 16:57:24 +0000 2017", "in_reply_to_screen_name": null}, {"id_str": "835338795004252160", "is_retweet": false, "text": "Hatred has no place in America. The Jewish community's a beautiful thread in our national fabric. Under @POTUS, we will protect them. #RJC", "source": "Twitter for iPhone", "retweet_count": 913, "favorite_count": 4493, "created_at": "Sat Feb 25 04:01:03 +0000 2017", "in_reply_to_screen_name": null}, {"id_str": "824438411025080324", "is_retweet": true, "text": "RT @POTUS: .@VP Mike Pence administers the oath of office to Secretary John F. Kelly @DHSgov this afternoon. https://t.co/RNa3DsAsPe", "source": "Twitter for iPhone", "retweet_count": 3735, "favorite_count": 0, "created_at": "Thu Jan 26 02:06:49 +0000 2017", "in_reply_to_screen_name": null}, {"id_str": "830098840715923456", "is_retweet": false, "text": "Health and Human Services @SecPriceMD will ensure we carry out @POTUS vision for a health-care system that works fo\u2026 https://t.co/35qOzPofht", "source": "Twitter for iPhone", "retweet_count": 1564, "favorite_count": 8003, "created_at": "Fri Feb 10 16:59:20 +0000 2017", "in_reply_to_screen_name": null}, {"id_str": "831306539675877378", "is_retweet": false, "text": "So proud of Karen's work to help impact children's lives through art therapy. Truly makes a profound difference. https://t.co/vgSaVi3Cbf", "source": "Twitter for iPhone", "retweet_count": 1564, "favorite_count": 9056, "created_at": "Tue Feb 14 00:58:18 +0000 2017", "in_reply_to_screen_name": null}, {"id_str": "833027948810641408", "is_retweet": false, "text": "In meeting with President Poroshenko today, I underscored U.S. support for Ukraine and full implementation of Minsk. https://t.co/2e32Ov0t6y", "source": "Twitter for iPhone", "retweet_count": 1783, "favorite_count": 6708, "created_at": "Sat Feb 18 18:58:34 +0000 2017", "in_reply_to_screen_name": null}, {"id_str": "834492334222016519", "is_retweet": false, "text": ".@POTUS Trump and I know that when small business is strong, America is strong.", "source": "Twitter for iPhone", "retweet_count": 1080, "favorite_count": 6455, "created_at": "Wed Feb 22 19:57:31 +0000 2017", "in_reply_to_screen_name": null}, {"id_str": "833751674145665025", "is_retweet": false, "text": "Told @NATO today: nations meeting  spending goals- encourage others. Nations w/ plan to get there-accelerate it. Nations w/o plan- get one!", "source": "Twitter for iPhone", "retweet_count": 1092, "favorite_count": 5663, "created_at": "Mon Feb 20 18:54:24 +0000 2017", "in_reply_to_screen_name": null}, {"id_str": "825416197017575425", "is_retweet": false, "text": "Welcomed my good friend Governor @EricGreitens to the White House today. He is doing a great job for the people of\u2026 https://t.co/JnIHfT9K6W", "source": "Twitter for iPhone", "retweet_count": 4362, "favorite_count": 23307, "created_at": "Sat Jan 28 18:52:11 +0000 2017", "in_reply_to_screen_name": null}, {"id_str": "835339203932127233", "is_retweet": false, "text": ".@POTUS Trump and I stand with Israel because her cause is our cause, her values are our values, and her fight is our fight. #RJC", "source": "Twitter for iPhone", "retweet_count": 1166, "favorite_count": 5158, "created_at": "Sat Feb 25 04:02:40 +0000 2017", "in_reply_to_screen_name": null}, {"id_str": "829730017206734848", "is_retweet": false, "text": "Privileged to swear in Attorney General Jeff Sessions. @POTUS &amp; I have faith in your commitment to the Constitution\u2026 https://t.co/MvnHEtmlPb", "source": "Twitter for iPhone", "retweet_count": 7199, "favorite_count": 36459, "created_at": "Thu Feb 09 16:33:46 +0000 2017", "in_reply_to_screen_name": null}, {"id_str": "834494252910575620", "is_retweet": false, "text": "We elected a builder as the 45th President of the United States\u2014and under his leadership, we're going to rebuild America.", "source": "Twitter for iPhone", "retweet_count": 3091, "favorite_count": 14677, "created_at": "Wed Feb 22 20:05:08 +0000 2017", "in_reply_to_screen_name": null}, {"id_str": "828241987564367874", "is_retweet": true, "text": "RT @marc_lotter: Protecting Americans from terror, Supreme Court &amp; helping small business, watch @VP Mike Pence on @FoxNewsSunday. https://\u2026", "source": "Twitter for iPhone", "retweet_count": 655, "favorite_count": 0, "created_at": "Sun Feb 05 14:00:52 +0000 2017", "in_reply_to_screen_name": null}, {"id_str": "835340038355329024", "is_retweet": false, "text": ".@POTUS Trump has promised to make the US military\u2014the strongest fighting force the world has ever seen\u2013even stronger still. #RJC", "source": "Twitter for iPhone", "retweet_count": 650, "favorite_count": 3536, "created_at": "Sat Feb 25 04:05:59 +0000 2017", "in_reply_to_screen_name": null}, {"id_str": "834493747836682241", "is_retweet": false, "text": "ObamaCare will be replaced with something that actually works\u2014bringing freedom and individual responsibility back to American health care.", "source": "Twitter for iPhone", "retweet_count": 1988, "favorite_count": 9821, "created_at": "Wed Feb 22 20:03:08 +0000 2017", "in_reply_to_screen_name": null}, {"id_str": "832359205923336192", "is_retweet": false, "text": "Great session w/ small biz owners, finance leaders and @SenatorTimScott discussing econ development &amp; entrepreneurs\u2026 https://t.co/9aIgRBMwIG", "source": "Twitter Web Client", "retweet_count": 1920, "favorite_count": 8306, "created_at": "Thu Feb 16 22:41:13 +0000 2017", "in_reply_to_screen_name": null}, {"id_str": "825070831248236544", "is_retweet": true, "text": "RT @marc_lotter: At @March_for_Life: @VP Mike Pence tells crowd \"life is winning again in America.\" \ud83c\uddfa\ud83c\uddf8 https://t.co/LK8Txm6LuV", "source": "Twitter for iPhone", "retweet_count": 1009, "favorite_count": 0, "created_at": "Fri Jan 27 19:59:49 +0000 2017", "in_reply_to_screen_name": null}, {"id_str": "833696629270126593", "is_retweet": false, "text": "Join me LIVE soon at @NATO Headquarters with Secretary General @jensstoltenberg \u2014&gt; https://t.co/KEZ5XBtqfw", "source": "Twitter for iPhone", "retweet_count": 490, "favorite_count": 2801, "created_at": "Mon Feb 20 15:15:40 +0000 2017", "in_reply_to_screen_name": null}, {"id_str": "826948185532821507", "is_retweet": false, "text": "It is my tremendous honor to join @POTUS to administer Oath of Office to our new Secretary of State Rex Tillerson. https://t.co/teKslOorCw", "source": "Twitter for iPhone", "retweet_count": 3075, "favorite_count": 13057, "created_at": "Thu Feb 02 00:19:46 +0000 2017", "in_reply_to_screen_name": null}, {"id_str": "829125451465502721", "is_retweet": true, "text": "RT @POTUS: .@BetsyDeVos sworn in as Secretary of Education by @VP Mike Pence moments ago. Congratulations! https://t.co/uzneL25V7F", "source": "Twitter for iPhone", "retweet_count": 6631, "favorite_count": 0, "created_at": "Wed Feb 08 00:31:26 +0000 2017", "in_reply_to_screen_name": null}, {"id_str": "834931802166931457", "is_retweet": false, "text": "We\u2019re going to rebuild our military, restore the arsenal of democracy &amp; provide our servicemen &amp; women w/ the resources they need. #CPAC2017", "source": "Twitter for iPhone", "retweet_count": 1183, "favorite_count": 6973, "created_at": "Fri Feb 24 01:03:48 +0000 2017", "in_reply_to_screen_name": null}, {"id_str": "827276956391530500", "is_retweet": false, "text": "This #BlackHistoryMonth, join us in celebrating the contributions of African Americans in our nation's history. https://t.co/b6mQ0z8pVw", "source": "Twitter for iPhone", "retweet_count": 939, "favorite_count": 4180, "created_at": "Thu Feb 02 22:06:11 +0000 2017", "in_reply_to_screen_name": null}, {"id_str": "832220528945537025", "is_retweet": false, "text": "Honored to host Prime Minister Benjamin @Netanyahu for breakfast at VP Residence this am. Under @POTUS Trump, the U\u2026 https://t.co/0UFoCYWjjV", "source": "Twitter for iPhone", "retweet_count": 2613, "favorite_count": 13373, "created_at": "Thu Feb 16 13:30:10 +0000 2017", "in_reply_to_screen_name": null}, {"id_str": "829800897932824577", "is_retweet": false, "text": "Productive listening session w/ bipartisan group of senators. Our Constitution &amp; country will be stronger with Judg\u2026 https://t.co/EEWGxdC8WN", "source": "Twitter for iPhone", "retweet_count": 1403, "favorite_count": 6585, "created_at": "Thu Feb 09 21:15:25 +0000 2017", "in_reply_to_screen_name": null}, {"id_str": "834932226026586112", "is_retweet": false, "text": "Under @POTUS, we\u2019ll enact real education reform that gives our families more choices, regardless of their income or area code. #CPAC2017", "source": "Twitter for iPhone", "retweet_count": 1079, "favorite_count": 6017, "created_at": "Fri Feb 24 01:05:29 +0000 2017", "in_reply_to_screen_name": null}, {"id_str": "822604046032863234", "is_retweet": true, "text": "RT @PressSec: The @vp has sworn in James Mattis as the Secretary of Defense #Inauguration https://t.co/ob5ApYf2Vd", "source": "Twitter for iPhone", "retweet_count": 6240, "favorite_count": 0, "created_at": "Sat Jan 21 00:37:42 +0000 2017", "in_reply_to_screen_name": null}, {"id_str": "832318819439869953", "is_retweet": false, "text": "At this historic juncture in history, @POTUS &amp; I look forward to joining forces with our partners in Congress to re\u2026 https://t.co/piW2vzR4uv", "source": "Twitter Web Client", "retweet_count": 1330, "favorite_count": 7292, "created_at": "Thu Feb 16 20:00:44 +0000 2017", "in_reply_to_screen_name": null}, {"id_str": "834493969094606848", "is_retweet": false, "text": ".@POTUS &amp; I are committed to creating a better health care plan that lowers the cost of insurance, unleashes innovation &amp; puts people first.", "source": "Twitter for iPhone", "retweet_count": 1184, "favorite_count": 7383, "created_at": "Wed Feb 22 20:04:01 +0000 2017", "in_reply_to_screen_name": null}, {"id_str": "825454423145115648", "is_retweet": false, "text": "Good discussion this afternoon with two transformative leaders of the conservative movement, Gov @ScottWalker &amp; Spe\u2026 https://t.co/U6HUTbJpl5", "source": "Twitter for iPhone", "retweet_count": 1804, "favorite_count": 7748, "created_at": "Sat Jan 28 21:24:05 +0000 2017", "in_reply_to_screen_name": null}, {"id_str": "833792932419362818", "is_retweet": true, "text": "RT @WhiteHouse: Happy #PresidentsDay! Learn more about all 45 of our Presidents here: https://t.co/wDA3f2vyej https://t.co/mYDND35V3G", "source": "Twitter for iPhone", "retweet_count": 3119, "favorite_count": 0, "created_at": "Mon Feb 20 21:38:20 +0000 2017", "in_reply_to_screen_name": null}, {"id_str": "833030481771794434", "is_retweet": false, "text": "Enjoyed chatting w/ Bono at @MunSecConf. Discussed prior effort to twice pass Africa AIDS assistance &amp; future secur\u2026 https://t.co/tR26rGNWC6", "source": "Twitter for iPhone", "retweet_count": 1082, "favorite_count": 5184, "created_at": "Sat Feb 18 19:08:38 +0000 2017", "in_reply_to_screen_name": null}, {"id_str": "829020336477831172", "is_retweet": false, "text": "Today\u2019s vote to confirm Education Secretary @BetsyDeVos was a vote for every child having a chance at a world-class\u2026 https://t.co/jDZLYp0EJG", "source": "Twitter for iPhone", "retweet_count": 7916, "favorite_count": 32279, "created_at": "Tue Feb 07 17:33:45 +0000 2017", "in_reply_to_screen_name": null}, {"id_str": "831291248052944897", "is_retweet": false, "text": "Spoke w/ Brazilian President @MichelTemer to discuss our shared commitment to security &amp; stimulating economic growth https://t.co/9G8jWyFYmD", "source": "Twitter Web Client", "retweet_count": 955, "favorite_count": 4661, "created_at": "Mon Feb 13 23:57:32 +0000 2017", "in_reply_to_screen_name": null}, {"id_str": "829848377244393472", "is_retweet": false, "text": "Tonight we look back on the generations of African Americans who have defended &amp; died for this country, as far back as the hour of its birth", "source": "Twitter for iPhone", "retweet_count": 1649, "favorite_count": 9222, "created_at": "Fri Feb 10 00:24:05 +0000 2017", "in_reply_to_screen_name": null}, {"id_str": "834525136418177024", "is_retweet": false, "text": "Inspiring day in Missouri. Thank you Governor @EricGreitens, @RepAnnWagner, @RepBlainePress, and the good people of\u2026 https://t.co/2dNeA8odin", "source": "Twitter for iPhone", "retweet_count": 1295, "favorite_count": 6617, "created_at": "Wed Feb 22 22:07:51 +0000 2017", "in_reply_to_screen_name": null}, {"id_str": "827600470780821505", "is_retweet": false, "text": "This Nat'l Catholic Schools Week, we extend our appreciation to those working to ensure every child has access to a\u2026 https://t.co/eYqo0igs1c", "source": "Twitter for iPhone", "retweet_count": 1564, "favorite_count": 6987, "created_at": "Fri Feb 03 19:31:42 +0000 2017", "in_reply_to_screen_name": null}, {"id_str": "827263211284029441", "is_retweet": false, "text": "Honored to welcome German Vice Chancellor &amp; Min. for Foreign Affairs Gabriel to the White House today to discuss NA\u2026 https://t.co/V5o4SQIfGa", "source": "Twitter for iPhone", "retweet_count": 1766, "favorite_count": 8681, "created_at": "Thu Feb 02 21:11:34 +0000 2017", "in_reply_to_screen_name": null}, {"id_str": "829856112258215937", "is_retweet": false, "text": ".@POTUS and I will always have the backs of our soldiers. They will have everything they need to defeat our enemies and protect our country.", "source": "Twitter for iPhone", "retweet_count": 1489, "favorite_count": 4088, "created_at": "Fri Feb 10 00:54:49 +0000 2017", "in_reply_to_screen_name": "VP"}, {"id_str": "833566883299332096", "is_retweet": false, "text": "In Brussels, Prime Minister @CharlesMichel &amp; I reaffirmed strong US-Belgian partnership &amp; need to address shared th\u2026 https://t.co/YgBLy32Pdx", "source": "Twitter for iPhone", "retweet_count": 971, "favorite_count": 5391, "created_at": "Mon Feb 20 06:40:06 +0000 2017", "in_reply_to_screen_name": null}, {"id_str": "828707727543111687", "is_retweet": false, "text": "Happy birthday to Pres. Reagan. His leadership inspired a generation to believe in America. Honored to have been sw\u2026 https://t.co/5Tq5ofbPVu", "source": "Twitter for iPhone", "retweet_count": 3792, "favorite_count": 19341, "created_at": "Mon Feb 06 20:51:33 +0000 2017", "in_reply_to_screen_name": null}, {"id_str": "834495375583150082", "is_retweet": false, "text": "As @POTUS likes to say, with boundless faith in the American people &amp; with faith in God, we will make America safe, prosperous &amp; great again", "source": "Twitter for iPhone", "retweet_count": 2698, "favorite_count": 12691, "created_at": "Wed Feb 22 20:09:36 +0000 2017", "in_reply_to_screen_name": null}, {"id_str": "834519192590249984", "is_retweet": false, "text": "There's no place in America for hatred or acts of prejudice, violence, or anti-semitism. https://t.co/Flbm88l1Us", "source": "Twitter for iPhone", "retweet_count": 2395, "favorite_count": 10045, "created_at": "Wed Feb 22 21:44:14 +0000 2017", "in_reply_to_screen_name": null}, {"id_str": "828316763003768833", "is_retweet": false, "text": "En route to Houston for Super Bowl LI. Our traveling group includes a serviceman who supports the @AtlantaFalcons &amp;\u2026 https://t.co/5yYkh0m68y", "source": "Twitter for iPhone", "retweet_count": 3026, "favorite_count": 17007, "created_at": "Sun Feb 05 18:58:00 +0000 2017", "in_reply_to_screen_name": null}, {"id_str": "829856454546952193", "is_retweet": false, "text": "Last, know that @POTUS and I will always support our troops, not second-guess them, &amp; we'll never call their service or sacrifice a failure.", "source": "Twitter for iPhone", "retweet_count": 2629, "favorite_count": 9936, "created_at": "Fri Feb 10 00:56:11 +0000 2017", "in_reply_to_screen_name": "VP"}, {"id_str": "829855931160752128", "is_retweet": false, "text": "Under @POTUS Trump\u2019s leadership, I can promise our soldiers three things. https://t.co/F3nSGfgHxX", "source": "Twitter for iPhone", "retweet_count": 744, "favorite_count": 2470, "created_at": "Fri Feb 10 00:54:06 +0000 2017", "in_reply_to_screen_name": "VP"}, {"id_str": "835341475529506817", "is_retweet": false, "text": "Despite the left's fear-mongering, we'll have an orderly transition to a better health care system that puts the American people first. #RJC", "source": "Twitter for iPhone", "retweet_count": 944, "favorite_count": 4736, "created_at": "Sat Feb 25 04:11:42 +0000 2017", "in_reply_to_screen_name": null}, {"id_str": "834494499992850433", "is_retweet": false, "text": "We're going to #HireAmerican and we're going to #BuyAmerican as we rebuild this country with American workers and American tools.", "source": "Twitter for iPhone", "retweet_count": 622, "favorite_count": 8664, "created_at": "Wed Feb 22 20:06:07 +0000 2017", "in_reply_to_screen_name": null}, {"id_str": "832874959743569922", "is_retweet": false, "text": "History will attest that when the US and Europe are peaceful &amp; prosperous, we advance the peace &amp; prosperity of the\u2026 https://t.co/k1S81Oi8hQ", "source": "Twitter for iPhone", "retweet_count": 1279, "favorite_count": 5962, "created_at": "Sat Feb 18 08:50:39 +0000 2017", "in_reply_to_screen_name": null}, {"id_str": "827927621187014656", "is_retweet": false, "text": "Judge Gorsuch is a worthy successor to Justice Antonin Scalia. Our Constitution &amp; our country will be stronger with him on the Supreme Court", "source": "Twitter for iPhone", "retweet_count": 1696, "favorite_count": 8697, "created_at": "Sat Feb 04 17:11:41 +0000 2017", "in_reply_to_screen_name": null}, {"id_str": "834492008672657408", "is_retweet": false, "text": "Make no mistake about it: America finally has a President who will support small businesses every single day.", "source": "Twitter for iPhone", "retweet_count": 1745, "favorite_count": 9413, "created_at": "Wed Feb 22 19:56:13 +0000 2017", "in_reply_to_screen_name": null}, {"id_str": "822536488646742019", "is_retweet": false, "text": "Inspiring Inaugural Address from President @realDonaldTrump. History starts being made today and America will start\u2026 https://t.co/TAcbWDtVKD", "source": "Twitter for iPhone", "retweet_count": 2573, "favorite_count": 9854, "created_at": "Fri Jan 20 20:09:15 +0000 2017", "in_reply_to_screen_name": null}, {"id_str": "825031510625492993", "is_retweet": false, "text": "Let this movement be known for love not anger - for compassion not confrontation. #MarchforLife", "source": "Twitter for iPhone", "retweet_count": 7979, "favorite_count": 28895, "created_at": "Fri Jan 27 17:23:35 +0000 2017", "in_reply_to_screen_name": null}, {"id_str": "835338971756388352", "is_retweet": false, "text": "I saw the compassion of Americans for their Jewish neighbors this week in MO, when hundreds turned out to restore that hallowed ground #RJC", "source": "Twitter for iPhone", "retweet_count": 635, "favorite_count": 3755, "created_at": "Sat Feb 25 04:01:45 +0000 2017", "in_reply_to_screen_name": null}, {"id_str": "833035542233112576", "is_retweet": false, "text": "Personally thanked Iraqi PM @HaiderAlAbadi for sacrifices in shared fight against ISIS &amp; discussed long-term partne\u2026 https://t.co/emS6EUNYjB", "source": "Twitter for iPhone", "retweet_count": 1091, "favorite_count": 5637, "created_at": "Sat Feb 18 19:28:44 +0000 2017", "in_reply_to_screen_name": null}, {"id_str": "834492857335562241", "is_retweet": false, "text": "Businesses are already reacting to @POTUS Trump's \"Buy American, Hire American\" vision with optimism and investment in our country.", "source": "Twitter for iPhone", "retweet_count": 925, "favorite_count": 5771, "created_at": "Wed Feb 22 19:59:35 +0000 2017", "in_reply_to_screen_name": null}, {"id_str": "834931002749386753", "is_retweet": false, "text": ".@POTUS Trump is upholding the Constitution, restoring the culture of life, and leading the fight to repeal and replace ObamaCare. #CPAC2017", "source": "Twitter for iPhone", "retweet_count": 1262, "favorite_count": 6712, "created_at": "Fri Feb 24 01:00:37 +0000 2017", "in_reply_to_screen_name": null}, {"id_str": "824632240915243008", "is_retweet": false, "text": "Beautiful morning for @SecondLady Karen Pence and my 1st flight aboard Marine Two. Next stop Air Force Two. Will be\u2026 https://t.co/hr6eUSNsbp", "source": "Twitter for iPhone", "retweet_count": 2237, "favorite_count": 14879, "created_at": "Thu Jan 26 14:57:01 +0000 2017", "in_reply_to_screen_name": null}, {"id_str": "831604854732759041", "is_retweet": true, "text": "RT @WhiteHouse: And watch LIVE as @VP Pence participates in the swearing-in of @SBAgov Administrator, @Linda_McMahon: https://t.co/zYYnIQNc\u2026", "source": "Twitter Web Client", "retweet_count": 995, "favorite_count": 0, "created_at": "Tue Feb 14 20:43:42 +0000 2017", "in_reply_to_screen_name": null}, {"id_str": "834482598781059074", "is_retweet": false, "text": "Meeting with small business leaders in St Louis hearing their stories how federal regulations of the past and Obama\u2026 https://t.co/vKb4ibM58Q", "source": "Twitter for iPhone", "retweet_count": 1107, "favorite_count": 5180, "created_at": "Wed Feb 22 19:18:50 +0000 2017", "in_reply_to_screen_name": null}, {"id_str": "831657348347416578", "is_retweet": false, "text": "Small business is at the heart of the American success story, &amp; @Linda_McMahon knows this better than most. No one\u2026 https://t.co/4UGbU8t4n8", "source": "Twitter for iPhone", "retweet_count": 3942, "favorite_count": 19622, "created_at": "Wed Feb 15 00:12:17 +0000 2017", "in_reply_to_screen_name": null}, {"id_str": "827940392632991744", "is_retweet": false, "text": "It gave me chills to stand in room where Founding Fathers created the greatest charter of liberty world has ever se\u2026 https://t.co/yvK9Z1MFLF", "source": "Twitter for iPhone", "retweet_count": 3594, "favorite_count": 17836, "created_at": "Sat Feb 04 18:02:26 +0000 2017", "in_reply_to_screen_name": null}, {"id_str": "832876767610183680", "is_retweet": false, "text": "Peace only comes through strength.  \n@POTUS believes we must be strong, able to confront all who would threaten our freedom &amp; way of life.", "source": "Twitter for iPhone", "retweet_count": 2446, "favorite_count": 10599, "created_at": "Sat Feb 18 08:57:50 +0000 2017", "in_reply_to_screen_name": null}, {"id_str": "833346022529175553", "is_retweet": false, "text": "During the tour today of Dachau, survivor Abba Noar recalled to me the horrors of the Holocaust, \"then the American\u2026 https://t.co/2K9IaLdj5c", "source": "Twitter for iPhone", "retweet_count": 2890, "favorite_count": 11771, "created_at": "Sun Feb 19 16:02:29 +0000 2017", "in_reply_to_screen_name": null}, {"id_str": "834932817633116160", "is_retweet": false, "text": "Men and women of the conservative movement\u2014this is our time. I promise you, the @POTUS and I will work our hearts out to #MAGA. #CPAC2017", "source": "Twitter for iPhone", "retweet_count": 2458, "favorite_count": 10769, "created_at": "Fri Feb 24 01:07:50 +0000 2017", "in_reply_to_screen_name": null}, {"id_str": "834931420762099712", "is_retweet": false, "text": "We're repealing ObamaCare once and for all and eliminating its mandates, taxes, and intrusion into your businesses and your lives. #CPAC2017", "source": "Twitter for iPhone", "retweet_count": 1646, "favorite_count": 8029, "created_at": "Fri Feb 24 01:02:17 +0000 2017", "in_reply_to_screen_name": null}, {"id_str": "832878310120042496", "is_retweet": false, "text": "As @POTUS has made clear, the US will fight tirelessly to crush these enemies &amp; consign them to the ash-heap of history, where they belong.", "source": "Twitter for iPhone", "retweet_count": 1953, "favorite_count": 9488, "created_at": "Sat Feb 18 09:03:57 +0000 2017", "in_reply_to_screen_name": null}, {"id_str": "828399870931243008", "is_retweet": false, "text": "It's a great honor to visit with Former President @GeorgeHWBush &amp; Barbara Bush. Their service to our nation \ud83c\uddfa\ud83c\uddf8 is a\u2026 https://t.co/oVJOC5nhXk", "source": "Twitter for iPhone", "retweet_count": 6783, "favorite_count": 43132, "created_at": "Mon Feb 06 00:28:14 +0000 2017", "in_reply_to_screen_name": null}, {"id_str": "830141622042099713", "is_retweet": false, "text": "Honored to host Deputy Prime Minister Aso to discuss strengthening US-Japan economic cooperation and increasing inv\u2026 https://t.co/8nN5rlPgN4", "source": "Twitter for iPhone", "retweet_count": 1763, "favorite_count": 7124, "created_at": "Fri Feb 10 19:49:20 +0000 2017", "in_reply_to_screen_name": null}, {"id_str": "827927491973103621", "is_retweet": false, "text": "#SCOTUS nominee Judge Gorsuch has sterling academic credentials, a brilliant legal mind and an unwavering commitmen\u2026 https://t.co/PI1NDSZc8b", "source": "Twitter for iPhone", "retweet_count": 1412, "favorite_count": 6743, "created_at": "Sat Feb 04 17:11:10 +0000 2017", "in_reply_to_screen_name": null}, {"id_str": "835341711219949569", "is_retweet": false, "text": "When it comes to the highest court in the land, in Judge Gorsuch, @POTUS nominated a #SCOTUS justice who will uphold our Constitution. #RJC", "source": "Twitter for iPhone", "retweet_count": 692, "favorite_count": 3772, "created_at": "Sat Feb 25 04:12:38 +0000 2017", "in_reply_to_screen_name": null}, {"id_str": "822675771055542272", "is_retweet": false, "text": "Thanks to everyone for a wonderful inaugural evening. #MAGA\ud83c\uddfa\ud83c\uddf8 https://t.co/ya0qvucFI8", "source": "Twitter for iPhone", "retweet_count": 6715, "favorite_count": 40559, "created_at": "Sat Jan 21 05:22:43 +0000 2017", "in_reply_to_screen_name": null}, {"id_str": "832398053122387969", "is_retweet": false, "text": "In Mick Mulvaney, @POTUS has nominated an OMB Director with an unwavering commitment to protecting America\u2019s fiscal\u2026 https://t.co/Zn2TKDpddj", "source": "Twitter Web Client", "retweet_count": 1297, "favorite_count": 6359, "created_at": "Fri Feb 17 01:15:35 +0000 2017", "in_reply_to_screen_name": null}, {"id_str": "822906896805990402", "is_retweet": false, "text": "Appreciate the prayers for His continued blessings upon our country during the National Prayer Service. https://t.co/2jVaFmacWB", "source": "Twitter for iPhone", "retweet_count": 3996, "favorite_count": 17673, "created_at": "Sat Jan 21 20:41:07 +0000 2017", "in_reply_to_screen_name": null}, {"id_str": "832877505581232130", "is_retweet": false, "text": ".@POTUS expects our allies to keep their word. We must shoulder this responsibility together bc the dangers we face are growing. #MSC2017", "source": "Twitter for iPhone", "retweet_count": 1224, "favorite_count": 6346, "created_at": "Sat Feb 18 09:00:46 +0000 2017", "in_reply_to_screen_name": null}, {"id_str": "824316490048487424", "is_retweet": false, "text": "Our new UN Ambassador @nikkihaley is getting right to work with President @realDonaldTrump and @SenRubioPress. https://t.co/7Ib1DjuAYt", "source": "Twitter for iPhone", "retweet_count": 3606, "favorite_count": 17462, "created_at": "Wed Jan 25 18:02:20 +0000 2017", "in_reply_to_screen_name": null}, {"id_str": "831240296486862848", "is_retweet": false, "text": "Great to host Sec Mattis, Sec Kelly &amp; Canadian delegation to deepen cooperation on trade, security &amp; fighting terro\u2026 https://t.co/pInbF9ue2C", "source": "Twitter Web Client", "retweet_count": 1490, "favorite_count": 6532, "created_at": "Mon Feb 13 20:35:05 +0000 2017", "in_reply_to_screen_name": null}, {"id_str": "829785397202972672", "is_retweet": false, "text": "Congratulations to Alabama's new Senator, Luther Strange. I'm confident you'll serve the great people of Alabama wi\u2026 https://t.co/shUMgjY4sH", "source": "Twitter for iPhone", "retweet_count": 1793, "favorite_count": 8224, "created_at": "Thu Feb 09 20:13:50 +0000 2017", "in_reply_to_screen_name": null}, {"id_str": "825436122222297088", "is_retweet": true, "text": "RT @POTUS: YOUR WEEKLY ADDRESS: https://t.co/iCUns5IOJ5", "source": "Twitter for iPhone", "retweet_count": 17861, "favorite_count": 0, "created_at": "Sat Jan 28 20:11:22 +0000 2017", "in_reply_to_screen_name": null}, {"id_str": "831941212097675266", "is_retweet": false, "text": "America stands in solidarity with Israel, our cherished ally. Proud to join POTUS in welcoming Prime Minister\u2026 https://t.co/FNlVXS6TWr", "source": "Twitter Web Client", "retweet_count": 3810, "favorite_count": 15487, "created_at": "Wed Feb 15 19:00:16 +0000 2017", "in_reply_to_screen_name": null}, {"id_str": "829723691575566336", "is_retweet": true, "text": "RT @realDonaldTrump: Join us live in the Oval Office for the swearing in of our new Attorney General, @SenatorSessions!\nLIVE: https://t.co/\u2026", "source": "Twitter for iPhone", "retweet_count": 10896, "favorite_count": 0, "created_at": "Thu Feb 09 16:08:38 +0000 2017", "in_reply_to_screen_name": null}, {"id_str": "834487537137774592", "is_retweet": false, "text": "Honored to meet in St Louis today with some of the hardworking Americans \ud83c\uddfa\ud83c\uddf8 who keep the machines running that help\u2026 https://t.co/TKy8s7i4nw", "source": "Twitter for iPhone", "retweet_count": 865, "favorite_count": 5011, "created_at": "Wed Feb 22 19:38:27 +0000 2017", "in_reply_to_screen_name": null}, {"id_str": "822579166176509956", "is_retweet": false, "text": "Making the historic journey from US Capitol to The @WhiteHouse with Karen &amp; our children at our sides is a memory w\u2026 https://t.co/bGEcXMh3dv", "source": "Twitter for iPhone", "retweet_count": 3303, "favorite_count": 16273, "created_at": "Fri Jan 20 22:58:50 +0000 2017", "in_reply_to_screen_name": null}, {"id_str": "835204251022413825", "is_retweet": false, "text": "Pleased to join @SecondLady welcoming nation's Governors to VP's Residence. @POTUS Trump believes the states play a\u2026 https://t.co/AbvBvkbBU5", "source": "Twitter for iPhone", "retweet_count": 784, "favorite_count": 4221, "created_at": "Fri Feb 24 19:06:25 +0000 2017", "in_reply_to_screen_name": null}, {"id_str": "835340674618646529", "is_retweet": false, "text": ".@POTUS has ordered every federal agency and department to find two regulations to cut before issuing a new one. #RJC", "source": "Twitter for iPhone", "retweet_count": 560, "favorite_count": 3097, "created_at": "Sat Feb 25 04:08:31 +0000 2017", "in_reply_to_screen_name": null}, {"id_str": "829106978597240833", "is_retweet": false, "text": "My vote for @BetsyDeVos was the easiest vote I ever cast. An Education Secretary who is one of the foremost advocat\u2026 https://t.co/z2pDuC86pB", "source": "Twitter for iPhone", "retweet_count": 2511, "favorite_count": 11448, "created_at": "Tue Feb 07 23:18:02 +0000 2017", "in_reply_to_screen_name": null}, {"id_str": "827298645125033985", "is_retweet": false, "text": "Tune in to @FoxNews tonight at 10 p.m. ET as I sit down w/ @seanhannity to discuss the need for an up or down vote\u2026 https://t.co/LXqFtM0SQe", "source": "Twitter for iPhone", "retweet_count": 1682, "favorite_count": 7729, "created_at": "Thu Feb 02 23:32:22 +0000 2017", "in_reply_to_screen_name": null}, {"id_str": "834929237765337088", "is_retweet": false, "text": "America elected a man as @POTUS who never quits and who never backs down. I promise you\u2014he will never stop fighting until we #MAGA #CPAC2017", "source": "Twitter for iPhone", "retweet_count": 1842, "favorite_count": 7584, "created_at": "Fri Feb 24 00:53:37 +0000 2017", "in_reply_to_screen_name": null}, {"id_str": "834929420192272385", "is_retweet": false, "text": ".@POTUS Trump has given voice to the aspirations and frustrations of the American people like no leader since Reagan. #CPAC2017", "source": "Twitter for iPhone", "retweet_count": 1147, "favorite_count": 5739, "created_at": "Fri Feb 24 00:54:20 +0000 2017", "in_reply_to_screen_name": null}, {"id_str": "828461276116484096", "is_retweet": false, "text": "Headed back to DC on Air Force Two with our \ud83c\uddfa\ud83c\uddf8 heroes. Incredible comeback. One of the best Super Bowls ever. Congratulations to @Patriots.", "source": "Twitter for iPhone", "retweet_count": 3409, "favorite_count": 19845, "created_at": "Mon Feb 06 04:32:14 +0000 2017", "in_reply_to_screen_name": null}, {"id_str": "829133257061056512", "is_retweet": false, "text": "A Right to Try law is fundamentally about restoring hope &amp; giving terminally ill patients a fighting chance. @POTUS\u2026 https://t.co/OHtUtOBmMJ", "source": "Twitter for iPhone", "retweet_count": 1834, "favorite_count": 8391, "created_at": "Wed Feb 08 01:02:27 +0000 2017", "in_reply_to_screen_name": null}, {"id_str": "835340750975975424", "is_retweet": false, "text": ".@POTUS Trump has convinced businesses across the country to keep and create tens of thousands of jobs here at home. #RJC", "source": "Twitter for iPhone", "retweet_count": 578, "favorite_count": 3354, "created_at": "Sat Feb 25 04:08:49 +0000 2017", "in_reply_to_screen_name": null}, {"id_str": "834932537604640768", "is_retweet": false, "text": "Most of all, I\u2019m grateful to serve with a @POTUS who will uphold our Constitution and the sanctity of human life. #CPAC2017", "source": "Twitter for iPhone", "retweet_count": 1473, "favorite_count": 7995, "created_at": "Fri Feb 24 01:06:43 +0000 2017", "in_reply_to_screen_name": null}, {"id_str": "832878107208003584", "is_retweet": false, "text": "Under @POTUS, the US will remain committed to ensuring Iran never obtains a nuclear weapon capable of threatening our countries or allies.", "source": "Twitter for iPhone", "retweet_count": 1793, "favorite_count": 8907, "created_at": "Sat Feb 18 09:03:09 +0000 2017", "in_reply_to_screen_name": null}, {"id_str": "831635651183394818", "is_retweet": false, "text": "Few duties of the fed government are as important as caring for our American heroes. David Shulkin will lead\u2026 https://t.co/GbDv16suBp", "source": "Twitter Web Client", "retweet_count": 944, "favorite_count": 4977, "created_at": "Tue Feb 14 22:46:04 +0000 2017", "in_reply_to_screen_name": null}, {"id_str": "828666954642763776", "is_retweet": false, "text": "We owe a debt of gratitude to our service members. Grateful to pay a small thanks &amp; spend time with our brave heroes https://t.co/ALuheHxPv3", "source": "Twitter for iPhone", "retweet_count": 2276, "favorite_count": 12459, "created_at": "Mon Feb 06 18:09:32 +0000 2017", "in_reply_to_screen_name": null}, {"id_str": "830225605593538560", "is_retweet": false, "text": "Called Colombian President @JuanManSantos today. Pledged cooperation on security &amp; congratulated on initial steps implementing peace accord.", "source": "Twitter for iPhone", "retweet_count": 1700, "favorite_count": 8060, "created_at": "Sat Feb 11 01:23:03 +0000 2017", "in_reply_to_screen_name": null}, {"id_str": "835340860501839872", "is_retweet": false, "text": "The ObamaCare nightmare is about to end. Despite the best efforts of liberal activists, Americans know better: ObamaCare must go. #RJC", "source": "Twitter for iPhone", "retweet_count": 812, "favorite_count": 4302, "created_at": "Sat Feb 25 04:09:15 +0000 2017", "in_reply_to_screen_name": null}, {"id_str": "826862679298076672", "is_retweet": true, "text": "RT @GorsuchFacts: Tune in during the 2pm EST hour as @VP joins @rushlimbaugh to discuss @POTUS Trump's #SCOTUS pick: https://t.co/U3PZnsYXH\u2026", "source": "Twitter for iPhone", "retweet_count": 457, "favorite_count": 0, "created_at": "Wed Feb 01 18:39:59 +0000 2017", "in_reply_to_screen_name": null}, {"id_str": "832965598233653249", "is_retweet": false, "text": "Discussed need to accelerate plans to defeat ISIS with KRG @President_Barzani &amp; thanked him for cooperation w/ Bagh\u2026 https://t.co/sOTjsTJtJL", "source": "Twitter for iPhone", "retweet_count": 1720, "favorite_count": 7713, "created_at": "Sat Feb 18 14:50:49 +0000 2017", "in_reply_to_screen_name": null}, {"id_str": "835340111864700928", "is_retweet": false, "text": "We'll rebuild our military, restore the arsenal of democracy, &amp; provide our servicemen &amp; women with the resources &amp; training they need. #RJC", "source": "Twitter for iPhone", "retweet_count": 610, "favorite_count": 3601, "created_at": "Sat Feb 25 04:06:17 +0000 2017", "in_reply_to_screen_name": null}, {"id_str": "833751044261806081", "is_retweet": false, "text": "Message to @NATO members in Brussels. @POTUS &amp; the American people expect our allies to keep their word and do more in our common defense.", "source": "Twitter for iPhone", "retweet_count": 1332, "favorite_count": 6486, "created_at": "Mon Feb 20 18:51:53 +0000 2017", "in_reply_to_screen_name": null}, {"id_str": "833659272206700544", "is_retweet": false, "text": "On behalf of President Trump today I expressed the strong commitment of the US to continued cooperation and partner\u2026 https://t.co/jLlzjj6Plm", "source": "Twitter for iPhone", "retweet_count": 1149, "favorite_count": 7002, "created_at": "Mon Feb 20 12:47:13 +0000 2017", "in_reply_to_screen_name": null}, {"id_str": "824709054459248646", "is_retweet": false, "text": "Work benefiting the American people will get done in DC. Great discussion w/ GOP House &amp; Senate members about movin\u2026 https://t.co/zuPyf2PlHf", "source": "Twitter for iPhone", "retweet_count": 1660, "favorite_count": 7309, "created_at": "Thu Jan 26 20:02:15 +0000 2017", "in_reply_to_screen_name": null}, {"id_str": "832036935652765700", "is_retweet": true, "text": "RT @realDonaldTrump: Venezuela should allow Leopoldo Lopez, a political prisoner &amp; husband of @liliantintori (just met w/ @marcorubio) out\u2026", "source": "Twitter for iPhone", "retweet_count": 52912, "favorite_count": 0, "created_at": "Thu Feb 16 01:20:38 +0000 2017", "in_reply_to_screen_name": null}, {"id_str": "831315868126679041", "is_retweet": false, "text": "Working w/ @freedomcaucus to deliver on promises to repeal &amp; replace Obamacare, reform the tax code, invest in infr\u2026 https://t.co/8V0EHX5p5d", "source": "Twitter Web Client", "retweet_count": 1536, "favorite_count": 7044, "created_at": "Tue Feb 14 01:35:22 +0000 2017", "in_reply_to_screen_name": null}, {"id_str": "824733321347403776", "is_retweet": false, "text": "This is Nat'l School Choice Week. @POTUS &amp; I are committed to making a great education possible for all our children https://t.co/TdsCfhqtxy", "source": "Twitter for iPhone", "retweet_count": 1821, "favorite_count": 6939, "created_at": "Thu Jan 26 21:38:41 +0000 2017", "in_reply_to_screen_name": null}, {"id_str": "832879166320029697", "is_retweet": false, "text": "Our strength, &amp; that of this alliance, is not derived solely from our strength of arms. It's born of the shared pri\u2026 https://t.co/bkYIdU4e8z", "source": "Twitter for iPhone", "retweet_count": 1689, "favorite_count": 7495, "created_at": "Sat Feb 18 09:07:22 +0000 2017", "in_reply_to_screen_name": null}, {"id_str": "831589695926722560", "is_retweet": false, "text": "Surprised these students as they explored the roots of our nation's government on a tour of our historic U.S. Capit\u2026 https://t.co/v0vQ1O7PTc", "source": "Twitter Web Client", "retweet_count": 1066, "favorite_count": 6902, "created_at": "Tue Feb 14 19:43:28 +0000 2017", "in_reply_to_screen_name": null}, {"id_str": "830090904547577857", "is_retweet": false, "text": "Join us LIVE now for the swearing-in of @SecPriceMD as our new Health and Human Services Secretary: https://t.co/VaWiqfrEtD", "source": "Twitter for iPhone", "retweet_count": 648, "favorite_count": 4002, "created_at": "Fri Feb 10 16:27:48 +0000 2017", "in_reply_to_screen_name": null}, {"id_str": "824636243808055296", "is_retweet": false, "text": "Humbled to board Air Force Two for 1st time with @SecondLady. We will see you shortly in Philadelphia to talk about\u2026 https://t.co/YBtdkxGg1i", "source": "Twitter for iPhone", "retweet_count": 2517, "favorite_count": 13172, "created_at": "Thu Jan 26 15:12:56 +0000 2017", "in_reply_to_screen_name": null}, {"id_str": "828243176020406272", "is_retweet": true, "text": "RT @marc_lotter: .@VP Mike Pence discusses @POTUS actions to keep Americans safe with @chucktodd on @MeetThePress. https://t.co/llt3KIw7EX", "source": "Twitter for iPhone", "retweet_count": 615, "favorite_count": 0, "created_at": "Sun Feb 05 14:05:35 +0000 2017", "in_reply_to_screen_name": null}, {"id_str": "823287485828567041", "is_retweet": false, "text": "Law enforcement worked tirelessly to secure the inauguration. Today the President &amp; I thanked them during a recepti\u2026 https://t.co/slnXPRGg7l", "source": "Twitter for iPhone", "retweet_count": 17065, "favorite_count": 77982, "created_at": "Sun Jan 22 21:53:27 +0000 2017", "in_reply_to_screen_name": null}, {"id_str": "823917963975806976", "is_retweet": false, "text": "Good discussion with President @realDonaldTrump and automotive leaders about creating new auto jobs in the U.S. \ud83c\uddfa\ud83c\uddf8 https://t.co/p9CVcvLQPk", "source": "Twitter for iPhone", "retweet_count": 3143, "favorite_count": 13995, "created_at": "Tue Jan 24 15:38:44 +0000 2017", "in_reply_to_screen_name": null}, {"id_str": "834931138976174080", "is_retweet": false, "text": "The ObamaCare nightmare is about to end. Despite the best efforts of liberal activists, Americans know better: ObamaCare must go. #CPAC2017", "source": "Twitter for iPhone", "retweet_count": 1447, "favorite_count": 7425, "created_at": "Fri Feb 24 01:01:10 +0000 2017", "in_reply_to_screen_name": null}, {"id_str": "825785019402694656", "is_retweet": false, "text": "We mourn the loss of a hero in battle against radical Islamic terror. Our prayers go to loved ones of fallen servic\u2026 https://t.co/0aqNcwOXyG", "source": "Twitter for iPhone", "retweet_count": 8458, "favorite_count": 22052, "created_at": "Sun Jan 29 19:17:45 +0000 2017", "in_reply_to_screen_name": null}, {"id_str": "822962653115006978", "is_retweet": false, "text": "America's \ud83c\uddfa\ud83c\uddf8 intelligence community does valiant work to keep us safe from worldwide threats. We honor their work t\u2026 https://t.co/1uHPwRSNya", "source": "Twitter for iPhone", "retweet_count": 3911, "favorite_count": 15780, "created_at": "Sun Jan 22 00:22:41 +0000 2017", "in_reply_to_screen_name": null}, {"id_str": "834930749832843265", "is_retweet": false, "text": ".@POTUS is putting #AmericaFirst &amp; putting Americans back to work. He\u2019s rebuilding the military &amp; putting our enemies on notice. #CPAC2017", "source": "Twitter for iPhone", "retweet_count": 951, "favorite_count": 4971, "created_at": "Fri Feb 24 00:59:37 +0000 2017", "in_reply_to_screen_name": null}, {"id_str": "823671714718580736", "is_retweet": false, "text": "Proud to stand w/ President Trump signing EOs: withdrawing US from TPP, prohibiting int'l abortion funding &amp; freezi\u2026 https://t.co/SghaddvqJh", "source": "Twitter for iPhone", "retweet_count": 5238, "favorite_count": 19817, "created_at": "Mon Jan 23 23:20:14 +0000 2017", "in_reply_to_screen_name": null}, {"id_str": "829843908439977984", "is_retweet": false, "text": "LISTEN LIVE as I join @WestPoint_USMA's Henry O. Flipper Dinner to honor our courageous African American heroes: https://t.co/1fMEfxdz1b", "source": "Twitter for iPhone", "retweet_count": 574, "favorite_count": 3222, "created_at": "Fri Feb 10 00:06:20 +0000 2017", "in_reply_to_screen_name": null}, {"id_str": "827928872318562305", "is_retweet": false, "text": "Judge Gorsuch has defended the Constitution\u2019s unique system of federalism that restricts the national gov to specific and enumerated powers.", "source": "Twitter for iPhone", "retweet_count": 2077, "favorite_count": 10190, "created_at": "Sat Feb 04 17:16:39 +0000 2017", "in_reply_to_screen_name": null}, {"id_str": "834429599312388096", "is_retweet": false, "text": "Next stop St. Louis to discuss @POTUS Trump's plans to help small businesses, create jobs &amp; repeal/replace Obamacar\u2026 https://t.co/yx6Ab1Z0Jw", "source": "Twitter for iPhone", "retweet_count": 1584, "favorite_count": 9148, "created_at": "Wed Feb 22 15:48:14 +0000 2017", "in_reply_to_screen_name": null}, {"id_str": "827292728048353281", "is_retweet": false, "text": "In meeting w/ Minister Gabriel, I told him I'll attend Munich Security Conference, where I'll share our views on Transatlantic relationship.", "source": "Twitter for iPhone", "retweet_count": 1192, "favorite_count": 6238, "created_at": "Thu Feb 02 23:08:51 +0000 2017", "in_reply_to_screen_name": null}, {"id_str": "825031823709323264", "is_retweet": false, "text": "We have come to a historic moment in the cause of life, and we must meet this moment with respect and compassion for every American.", "source": "Twitter for iPhone", "retweet_count": 3934, "favorite_count": 21063, "created_at": "Fri Jan 27 17:24:49 +0000 2017", "in_reply_to_screen_name": null}, {"id_str": "834928128950693893", "is_retweet": false, "text": "WATCH LIVE to see my message about @POTUS Trump's agenda to the men &amp; women of the conservative movement at @CPAC. https://t.co/Fuit3DfXey", "source": "Twitter for iPhone", "retweet_count": 906, "favorite_count": 4619, "created_at": "Fri Feb 24 00:49:12 +0000 2017", "in_reply_to_screen_name": null}, {"id_str": "835341166115618816", "is_retweet": false, "text": "We\u2019re going to repeal ObamaCare once and for all, and eliminate its mandates, taxes, and intrusion into your businesses and your lives. #RJC", "source": "Twitter for iPhone", "retweet_count": 747, "favorite_count": 4347, "created_at": "Sat Feb 25 04:10:28 +0000 2017", "in_reply_to_screen_name": null}, {"id_str": "833255764164755456", "is_retweet": false, "text": "One of the best parts of this job, meeting the staff and families working for our country overseas. Thanks for your\u2026 https://t.co/fZ8lLvCb1U", "source": "Twitter for iPhone", "retweet_count": 2326, "favorite_count": 14993, "created_at": "Sun Feb 19 10:03:49 +0000 2017", "in_reply_to_screen_name": null}, {"id_str": "836279422181322753", "is_retweet": false, "text": "Grateful to welcome the nation's governors over the last several days, including @GovHolcomb and @GovAbbott, to dis\u2026 https://t.co/yyg9Iarm17", "source": "Twitter for iPhone", "retweet_count": 110, "favorite_count": 500, "created_at": "Mon Feb 27 18:18:46 +0000 2017", "in_reply_to_screen_name": null}, {"id_str": "836330029177008128", "is_retweet": true, "text": "RT @RJC: .@VP Pence spoke to us about repairing the US-Israel relationship, standing up to anti-Semitism, &amp; much more. WATCH: https://t.co/\u2026", "source": "Twitter for iPhone", "retweet_count": 77, "favorite_count": 0, "created_at": "Mon Feb 27 21:39:51 +0000 2017", "in_reply_to_screen_name": null}, {"id_str": "836353452435451904", "is_retweet": false, "text": "This #BlackHistoryMonth, @POTUS &amp; I thank the presidents of our Historically Black Colleges &amp; Universities for thei\u2026 https://t.co/afLvD2Ud0T", "source": "Twitter for iPhone", "retweet_count": 30, "favorite_count": 103, "created_at": "Mon Feb 27 23:12:56 +0000 2017", "in_reply_to_screen_name": null}, {"id_str": "836591002064404481", "is_retweet": true, "text": "RT @WhiteHouse: Watch LIVE as @VP Pence participates in the swearing-in of the Secretary of @CommerceGov, Wilbur Ross:  https://t.co/tAR4mM\u2026", "source": "Twitter for iPhone", "retweet_count": 309, "favorite_count": 0, "created_at": "Tue Feb 28 14:56:52 +0000 2017", "in_reply_to_screen_name": null}, {"id_str": "836628093158633473", "is_retweet": false, "text": ".@CommerceGov Secretary Ross will take a leading role in implementing @POTUS plan to foster growth &amp; create good-pa\u2026 https://t.co/TYFwO7hdYE", "source": "Twitter for iPhone", "retweet_count": 119, "favorite_count": 420, "created_at": "Tue Feb 28 17:24:15 +0000 2017", "in_reply_to_screen_name": null}, {"id_str": "836732554132750337", "is_retweet": false, "text": "Joined @POTUS this morning in welcoming state Attorneys General to the @WhiteHouse to emphasize law and order throu\u2026 https://t.co/UnjUoNV9cD", "source": "Twitter for iPhone", "retweet_count": 123, "favorite_count": 491, "created_at": "Wed Mar 01 00:19:21 +0000 2017", "in_reply_to_screen_name": null}, {"id_str": "836754486857183233", "is_retweet": false, "text": "Karen and I on our way to hear @POTUS speak directly to America about his optimistic vision. WATCH:\u2026 https://t.co/zSfjKAM9Vv", "source": "Twitter for iPhone", "retweet_count": 271, "favorite_count": 1161, "created_at": "Wed Mar 01 01:46:30 +0000 2017", "in_reply_to_screen_name": null}, {"id_str": "836756918064537601", "is_retweet": true, "text": "RT @SpeakerRyan: Glad to have my good friend @VP Pence back in the House of Representatives. #JointAddress https://t.co/mhRXSUfxmJ", "source": "Twitter for iPhone", "retweet_count": 142, "favorite_count": 0, "created_at": "Wed Mar 01 01:56:10 +0000 2017", "in_reply_to_screen_name": null}, {"id_str": "836763623301206016", "is_retweet": true, "text": "RT @POTUS: Above all else, we will keep our promises to the American People. #JointAddress #AmericanSpirit", "source": "Twitter for iPhone", "retweet_count": 1110, "favorite_count": 0, "created_at": "Wed Mar 01 02:22:48 +0000 2017", "in_reply_to_screen_name": null}, {"id_str": "836763538609799168", "is_retweet": true, "text": "RT @POTUS: A surge of optimism is placing impossible dreams firmly within our grasp. What we are witnessing today is the Renewal of the #Am\u2026", "source": "Twitter for iPhone", "retweet_count": 1101, "favorite_count": 0, "created_at": "Wed Mar 01 02:22:28 +0000 2017", "in_reply_to_screen_name": null}, {"id_str": "836766612535586817", "is_retweet": true, "text": "RT @POTUS: We must restart the engine of the American economy, making it easier for companies to do business in the US &amp; much harder for th\u2026", "source": "Twitter for iPhone", "retweet_count": 995, "favorite_count": 0, "created_at": "Wed Mar 01 02:34:41 +0000 2017", "in_reply_to_screen_name": null}, {"id_str": "836766595955437568", "is_retweet": true, "text": "RT @POTUS: Solving these problems will require us to tap into the #AmericanSpirit that has overcome every challenge throughout our storied\u2026", "source": "Twitter for iPhone", "retweet_count": 773, "favorite_count": 0, "created_at": "Wed Mar 01 02:34:37 +0000 2017", "in_reply_to_screen_name": null}, {"id_str": "836768068575571968", "is_retweet": true, "text": "RT @POTUS: I am calling on Congress to REPEAL &amp; REPLACE OBAMACARE with reforms that expand choice, increase access, lower costs &amp; provide b\u2026", "source": "Twitter for iPhone", "retweet_count": 1304, "favorite_count": 0, "created_at": "Wed Mar 01 02:40:28 +0000 2017", "in_reply_to_screen_name": null}, {"id_str": "836769258738679808", "is_retweet": true, "text": "RT @POTUS: We must ensure that Americans with pre-existing conditions have access to coverage. #JointAddress", "source": "Twitter for iPhone", "retweet_count": 981, "favorite_count": 0, "created_at": "Wed Mar 01 02:45:12 +0000 2017", "in_reply_to_screen_name": null}, {"id_str": "836769243374944256", "is_retweet": true, "text": "RT @POTUS: Obamacare is collapsing \u2013 and we must act decisively to protect all Americans. Action is not a choice, it is a necessity. #Joint\u2026", "source": "Twitter for iPhone", "retweet_count": 1060, "favorite_count": 0, "created_at": "Wed Mar 01 02:45:08 +0000 2017", "in_reply_to_screen_name": null}, {"id_str": "836772347440992261", "is_retweet": true, "text": "RT @POTUS: EVERY American child should be able to grow up in a safe community, to attend a great school, and to have access to a high-payin\u2026", "source": "Twitter for iPhone", "retweet_count": 1232, "favorite_count": 0, "created_at": "Wed Mar 01 02:57:28 +0000 2017", "in_reply_to_screen_name": null}, {"id_str": "836773853464563712", "is_retweet": true, "text": "RT @WhiteHouse: \"I am sending the Congress a budget that rebuilds the military...\" #JointAddress #AmericanSpirit https://t.co/eZHuzpnhxA", "source": "Twitter for iPhone", "retweet_count": 236, "favorite_count": 0, "created_at": "Wed Mar 01 03:03:27 +0000 2017", "in_reply_to_screen_name": null}, {"id_str": "836774794066604032", "is_retweet": true, "text": "RT @WhiteHouse: \"And NONE are greater or braver than those who fight for America in uniform.\" #JointAddress #AmericanSpirit https://t.co/be\u2026", "source": "Twitter for iPhone", "retweet_count": 546, "favorite_count": 0, "created_at": "Wed Mar 01 03:07:12 +0000 2017", "in_reply_to_screen_name": null}, {"id_str": "836774039934894080", "is_retweet": true, "text": "RT @POTUS: Ryan\u2019s legacy is etched into eternity. #AmericanSpirit", "source": "Twitter for iPhone", "retweet_count": 2279, "favorite_count": 0, "created_at": "Wed Mar 01 03:04:12 +0000 2017", "in_reply_to_screen_name": null}, {"id_str": "836776043738513413", "is_retweet": true, "text": "RT @POTUS: We are one people, with one destiny.\n\nWe all bleed the same blood.\n\nWe all salute the same flag.\n\nAnd we are all made by the sam\u2026", "source": "Twitter for iPhone", "retweet_count": 3866, "favorite_count": 0, "created_at": "Wed Mar 01 03:12:10 +0000 2017", "in_reply_to_screen_name": null}, {"id_str": "836776036683636736", "is_retweet": true, "text": "RT @POTUS: Think of the marvels we can achieve if we simply set free the dreams of our people. #AmericanSpirit #JointAddress", "source": "Twitter for iPhone", "retweet_count": 1124, "favorite_count": 0, "created_at": "Wed Mar 01 03:12:08 +0000 2017", "in_reply_to_screen_name": null}, {"id_str": "836777318794158080", "is_retweet": false, "text": ".@POTUS showed true leadership in his #JointAddress\u2014laying out an agenda of tax relief, affordable healthcare &amp; commitment to peace &amp; safety", "source": "Twitter for iPhone", "retweet_count": 327, "favorite_count": 1162, "created_at": "Wed Mar 01 03:17:14 +0000 2017", "in_reply_to_screen_name": null}, {"id_str": "836894114822119425", "is_retweet": false, "text": "Join me LIVE with @Morning_Joe, @GMA, @TheTodayShow, @CBSThisMorning and @FoxAndFriends as we recap @POTUS Trump's optimistic #JointAddress", "source": "Twitter for iPhone", "retweet_count": 28, "favorite_count": 108, "created_at": "Wed Mar 01 11:01:20 +0000 2017", "in_reply_to_screen_name": null}, {"id_str": "836911635465928704", "is_retweet": true, "text": "RT @marc_lotter: TUNE IN NOW to @GMA as @VP Mike Pence recaps the @POTUS #JointAddress with @GStephanopoulos. https://t.co/F5bVcKDZA0", "source": "Twitter for iPhone", "retweet_count": 19, "favorite_count": 0, "created_at": "Wed Mar 01 12:10:57 +0000 2017", "in_reply_to_screen_name": null}, {"id_str": "836911589018189828", "is_retweet": true, "text": "RT @marc_lotter: Watch @Morning_Joe as @VP Mike Pence discusses @POTUS Trump powerful #JointAddress https://t.co/dMYXv1mH3d", "source": "Twitter for iPhone", "retweet_count": 22, "favorite_count": 0, "created_at": "Wed Mar 01 12:10:46 +0000 2017", "in_reply_to_screen_name": null}, {"id_str": "836917479620366337", "is_retweet": true, "text": "RT @marc_lotter: Watch a special interview with @NBCNews anchor @LesterHoltNBC  and @VP Mike Pence on @TODAYshow https://t.co/wRnixJDmuB", "source": "Twitter for iPhone", "retweet_count": 28, "favorite_count": 0, "created_at": "Wed Mar 01 12:34:10 +0000 2017", "in_reply_to_screen_name": null}, {"id_str": "836923770199805952", "is_retweet": true, "text": "RT @marc_lotter: WATCH NOW as @VP Mike Pence sits down with @NorahODonnell to discuss @POTUS #JointAddress on @CBSThisMorning. https://t.co\u2026", "source": "Twitter for iPhone", "retweet_count": 34, "favorite_count": 0, "created_at": "Wed Mar 01 12:59:10 +0000 2017", "in_reply_to_screen_name": null}, {"id_str": "836932173081034752", "is_retweet": true, "text": "RT @marc_lotter: Last television interview of the morning. @VP Mike Pence talks about the @POTUS #JointAddress with @foxandfriends. https:/\u2026", "source": "Twitter for iPhone", "retweet_count": 24, "favorite_count": 0, "created_at": "Wed Mar 01 13:32:34 +0000 2017", "in_reply_to_screen_name": null}, {"id_str": "836939266169143297", "is_retweet": false, "text": "Had time between interviews this morning to show @LesterHoltNBC, @NorahODonnell, and crew my office, including Tedd\u2026 https://t.co/YRCQPCqdQh", "source": "Twitter for iPhone", "retweet_count": 60, "favorite_count": 282, "created_at": "Wed Mar 01 14:00:45 +0000 2017", "in_reply_to_screen_name": null}, {"id_str": "836942053636456449", "is_retweet": false, "text": "I'm recapping @POTUS Trump's #JointAddress with @IngrahamAngle LIVE now on The Laura Ingraham Show. Tune in! https://t.co/w1alOVKkgM", "source": "Twitter for iPhone", "retweet_count": 57, "favorite_count": 221, "created_at": "Wed Mar 01 14:11:49 +0000 2017", "in_reply_to_screen_name": null}, {"id_str": "837009553610981376", "is_retweet": false, "text": "Join me on air this afternoon with @RushLimbaugh, @ASavageNation &amp; @SeanHannity as we discuss @POTUS' message at last night's #JointAddress.", "source": "Twitter for iPhone", "retweet_count": 95, "favorite_count": 310, "created_at": "Wed Mar 01 18:40:03 +0000 2017", "in_reply_to_screen_name": null}, {"id_str": "837014178871316480", "is_retweet": false, "text": "We welcomed House and Senate leadership to the @WhiteHouse to continue to put into practice the agenda @POTUS laid\u2026 https://t.co/HDzdetJ2De", "source": "Twitter for iPhone", "retweet_count": 5, "favorite_count": 7, "created_at": "Wed Mar 01 18:58:25 +0000 2017", "in_reply_to_screen_name": null}]