[{"id_str": "826600556621885442", "is_retweet": true, "text": "RT @VP: Judge Gorsuch is one of the most mainstream, respected, and exceptionally qualified Supreme Court nominees in American history.", "source": "Twitter Web Client", "retweet_count": 4331, "favorite_count": 0, "created_at": "Wed Feb 01 01:18:24 +0000 2017", "in_reply_to_screen_name": null}, {"id_str": "822513852847796224", "is_retweet": false, "text": "\"January 20th 2017, will be remembered as the day the people became the rulers of this nation again.\" - @POTUS", "source": "Twitter Web Client", "retweet_count": 2985, "favorite_count": 9389, "created_at": "Fri Jan 20 18:39:18 +0000 2017", "in_reply_to_screen_name": null}, {"id_str": "834410634817200130", "is_retweet": false, "text": "Happy birthday, George Washington! Learn more about our first President here: https://t.co/NQSN4lfTOu https://t.co/CD2dn6YIxz", "source": "Twitter Web Client", "retweet_count": 1781, "favorite_count": 7385, "created_at": "Wed Feb 22 14:32:52 +0000 2017", "in_reply_to_screen_name": null}, {"id_str": "824962889501011969", "is_retweet": true, "text": "RT @POTUS: 'People want protection and a wall protects. All you have to do is ask Israel...' @realDonaldTrump https://t.co/QeTbiJpaDY", "source": "Twitter Web Client", "retweet_count": 8020, "favorite_count": 0, "created_at": "Fri Jan 27 12:50:54 +0000 2017", "in_reply_to_screen_name": null}, {"id_str": "826603098072297472", "is_retweet": true, "text": "RT @GorsuchFacts: .@POTUS Trump has chosen a #SCOTUS with a brilliant legal mind, sterling academic credentials, &amp; a commitment to constitu\u2026", "source": "Twitter Web Client", "retweet_count": 7733, "favorite_count": 0, "created_at": "Wed Feb 01 01:28:30 +0000 2017", "in_reply_to_screen_name": null}, {"id_str": "826600584274907138", "is_retweet": true, "text": "RT @POTUS: President Trump's Nominee for the Supreme Court Neil M. Gorsuch. \n#SCOTUS #JusticeGorsuch \nhttps://t.co/OnnJxv0sNG https://t.co/\u2026", "source": "Twitter Web Client", "retweet_count": 6269, "favorite_count": 0, "created_at": "Wed Feb 01 01:18:31 +0000 2017", "in_reply_to_screen_name": null}, {"id_str": "827720094415478785", "is_retweet": false, "text": "Statement by the Press Secretary:\nAt the earliest possible time, the Dept. of Justice intends to file an emergency...https://t.co/hJKLPqHSg1", "source": "Twitter for iPhone", "retweet_count": 2399, "favorite_count": 7019, "created_at": "Sat Feb 04 03:27:03 +0000 2017", "in_reply_to_screen_name": null}, {"id_str": "826833650008330240", "is_retweet": true, "text": "RT @POTUS: Proud to honor the start of Black History Month at the @WhiteHouse this morning with @VP Mike Pence. https://t.co/CaXOykzR4d", "source": "Twitter for iPhone", "retweet_count": 8616, "favorite_count": 0, "created_at": "Wed Feb 01 16:44:38 +0000 2017", "in_reply_to_screen_name": null}, {"id_str": "826559051240730624", "is_retweet": true, "text": "RT @POTUS: Highlights From The President\u2019s Listening Session With Pharmaceutical Industry Leaders at the @WhiteHouse today: https://t.co/YM\u2026", "source": "Twitter Web Client", "retweet_count": 3506, "favorite_count": 0, "created_at": "Tue Jan 31 22:33:29 +0000 2017", "in_reply_to_screen_name": null}, {"id_str": "830957264114708485", "is_retweet": false, "text": "Happy Birthday to President Abraham Lincoln! #POTUS16\nhttps://t.co/1sMucHiW1T https://t.co/POGSyZlM4R", "source": "Twitter for iPhone", "retweet_count": 2446, "favorite_count": 10312, "created_at": "Mon Feb 13 01:50:24 +0000 2017", "in_reply_to_screen_name": null}, {"id_str": "831587745587929090", "is_retweet": false, "text": "Join us LIVE as @VP Pence participates in the swearing-in of Secretary of Veterans Affairs, Dr. David Shulkin:\u2026 https://t.co/ch3QIvGYTe", "source": "Twitter Web Client", "retweet_count": 821, "favorite_count": 4395, "created_at": "Tue Feb 14 19:35:43 +0000 2017", "in_reply_to_screen_name": null}, {"id_str": "827308752688799744", "is_retweet": true, "text": "RT @VP: Tune in to @FoxNews tonight at 10 p.m. ET as I sit down w/ @seanhannity to discuss the need for an up or down vote on @POTUS' SCOTU\u2026", "source": "Twitter for iPhone", "retweet_count": 1682, "favorite_count": 0, "created_at": "Fri Feb 03 00:12:31 +0000 2017", "in_reply_to_screen_name": null}, {"id_str": "825082036893396993", "is_retweet": true, "text": "RT @realDonaldTrump: Statement on International Holocaust Remembrance Day: https://t.co/KjU0MOxCHk", "source": "Twitter Web Client", "retweet_count": 10875, "favorite_count": 0, "created_at": "Fri Jan 27 20:44:21 +0000 2017", "in_reply_to_screen_name": null}, {"id_str": "825372136940400641", "is_retweet": true, "text": "RT @realDonaldTrump: Today, we remember the crew of the Space Shuttle Challenger, 31 years later. #NeverForget https://t.co/OhshQsFRfl", "source": "Twitter Web Client", "retweet_count": 33159, "favorite_count": 0, "created_at": "Sat Jan 28 15:57:06 +0000 2017", "in_reply_to_screen_name": null}, {"id_str": "829498067242057730", "is_retweet": true, "text": "RT @dougducey: BIG ANNOUNCEMENT!! HUGE NEWS!! NEW JOBS FOR #ARIZONA! @intel @bkrunner @realDonaldTrump @POTUS @WhiteHouse https://t.co/HgsX\u2026", "source": "Twitter for iPhone", "retweet_count": 1261, "favorite_count": 0, "created_at": "Thu Feb 09 01:12:05 +0000 2017", "in_reply_to_screen_name": null}, {"id_str": "826974960052797440", "is_retweet": true, "text": "RT @VP: As #BlackHistoryMonth\u00a0begins, we remember when Pres. Lincoln submitted the 13th Amendment, ending slavery, to the states #NationalF\u2026", "source": "Twitter for iPhone", "retweet_count": 3844, "favorite_count": 0, "created_at": "Thu Feb 02 02:06:09 +0000 2017", "in_reply_to_screen_name": null}, {"id_str": "831580081814458368", "is_retweet": false, "text": ".@FLOTUS Melania Trump is pleased to announce the White House Visitors Office will resume public tours on March 7th https://t.co/FhJUf1UP1m", "source": "Twitter Web Client", "retweet_count": 1709, "favorite_count": 6674, "created_at": "Tue Feb 14 19:05:16 +0000 2017", "in_reply_to_screen_name": null}, {"id_str": "826589098399907841", "is_retweet": true, "text": "RT @realDonaldTrump: Getting ready to deliver a VERY IMPORTANT DECISION!  8:00 P.M.", "source": "Twitter for iPhone", "retweet_count": 16793, "favorite_count": 0, "created_at": "Wed Feb 01 00:32:52 +0000 2017", "in_reply_to_screen_name": null}, {"id_str": "826600604130766848", "is_retweet": true, "text": "RT @GorsuchFacts: Join us in congratulating Judge Neil Gorsuch on his nomination for #SCOTUS! Read his bio here: https://t.co/Im2VNUG6Bk #J\u2026", "source": "Twitter Web Client", "retweet_count": 7006, "favorite_count": 0, "created_at": "Wed Feb 01 01:18:36 +0000 2017", "in_reply_to_screen_name": null}, {"id_str": "825383929381343237", "is_retweet": true, "text": "RT @PressSec: .@POTUS  speaks with German Chancellor Merkel from the Oval Office.  One of five heads of government calls today https://t.co\u2026", "source": "Twitter Web Client", "retweet_count": 2170, "favorite_count": 0, "created_at": "Sat Jan 28 16:43:58 +0000 2017", "in_reply_to_screen_name": null}, {"id_str": "831186249411129348", "is_retweet": true, "text": "RT @realDonaldTrump: Welcome to the @WhiteHouse Prime Minister @JustinTrudeau! https://t.co/WKgF8Zo9ri", "source": "Twitter for iPhone", "retweet_count": 13654, "favorite_count": 0, "created_at": "Mon Feb 13 17:00:19 +0000 2017", "in_reply_to_screen_name": null}, {"id_str": "825101522212093953", "is_retweet": true, "text": "RT @realDonaldTrump: Congratulations Secretary Mattis! https://t.co/mkuhbegzqS", "source": "Twitter Web Client", "retweet_count": 19375, "favorite_count": 0, "created_at": "Fri Jan 27 22:01:47 +0000 2017", "in_reply_to_screen_name": null}, {"id_str": "825086913921028096", "is_retweet": true, "text": "RT @POTUS: Joint Statement on U.S. - Mexico Relations: https://t.co/wPWdC9K0xj", "source": "Twitter Web Client", "retweet_count": 3064, "favorite_count": 0, "created_at": "Fri Jan 27 21:03:44 +0000 2017", "in_reply_to_screen_name": null}, {"id_str": "825474979953246209", "is_retweet": false, "text": ".@POTUS @realDonaldTrump- speaking with Australian Prime Minister Malcolm Turnbull from the Oval Office. https://t.co/6rDjoygXDD", "source": "Twitter for iPhone", "retweet_count": 4592, "favorite_count": 23682, "created_at": "Sat Jan 28 22:45:46 +0000 2017", "in_reply_to_screen_name": null}, {"id_str": "824315464771891200", "is_retweet": true, "text": "RT @VP: It was my privilege to administer the Oath of Office to the new United States Ambassador to the United Nations @nikkihaley. https:/\u2026", "source": "Twitter for iPhone", "retweet_count": 2345, "favorite_count": 0, "created_at": "Wed Jan 25 17:58:16 +0000 2017", "in_reply_to_screen_name": null}, {"id_str": "825188075852668928", "is_retweet": true, "text": "RT @POTUS: I will be America's greatest defender and most loyal champion. -DJT https://t.co/wukJ6YqvLu", "source": "Twitter for iPhone", "retweet_count": 10483, "favorite_count": 0, "created_at": "Sat Jan 28 03:45:43 +0000 2017", "in_reply_to_screen_name": null}, {"id_str": "825045118512144384", "is_retweet": false, "text": "Tune in now for a joint press conference with @POTUS Trump and PM @theresa_may!\nhttps://t.co/apbHjgoyF9 https://t.co/x4SvGECrLi", "source": "Twitter Web Client", "retweet_count": 650, "favorite_count": 2581, "created_at": "Fri Jan 27 18:17:39 +0000 2017", "in_reply_to_screen_name": null}, {"id_str": "824270172462739456", "is_retweet": true, "text": "RT @POTUS: Great! #Dow20K https://t.co/wXFhXBLgag", "source": "Twitter for iPhone", "retweet_count": 11325, "favorite_count": 0, "created_at": "Wed Jan 25 14:58:17 +0000 2017", "in_reply_to_screen_name": null}, {"id_str": "833792665867186177", "is_retweet": false, "text": ".@POTUS Trump\u2019s First Month: Achieving Results for the American People https://t.co/3mYxqWRKE6", "source": "Twitter Web Client", "retweet_count": 1510, "favorite_count": 6672, "created_at": "Mon Feb 20 21:37:17 +0000 2017", "in_reply_to_screen_name": null}, {"id_str": "825398856145829891", "is_retweet": false, "text": "Tune in now for @POTUS Trump's first weekly address to the nation on Facebook Live!\ud83c\uddfa\ud83c\uddf8\nhttps://t.co/BvMhVlxnid https://t.co/08bhycL7SH", "source": "Twitter Web Client", "retweet_count": 1237, "favorite_count": 4627, "created_at": "Sat Jan 28 17:43:17 +0000 2017", "in_reply_to_screen_name": null}, {"id_str": "831317627750477825", "is_retweet": false, "text": "Watch LIVE as @POTUS &amp; @VP participate in the swearing-in of Secretary of the Treasury, Steven Mnuchin:\u2026 https://t.co/J71mMOgRII", "source": "Twitter Web Client", "retweet_count": 1076, "favorite_count": 5740, "created_at": "Tue Feb 14 01:42:22 +0000 2017", "in_reply_to_screen_name": null}, {"id_str": "822894797912477696", "is_retweet": true, "text": "RT @POTUS: I am honored to serve you, the great American People, as your 45th President of the United States! https://t.co/BVtt7lSrlA", "source": "Twitter Web Client", "retweet_count": 45311, "favorite_count": 0, "created_at": "Sat Jan 21 19:53:03 +0000 2017", "in_reply_to_screen_name": null}, {"id_str": "824389756503134213", "is_retweet": true, "text": "RT @realDonaldTrump: I will be interviewed by @DavidMuir tonight at 10 o'clock on @ABC. Will be my first interview from the White House. En\u2026", "source": "Twitter Web Client", "retweet_count": 12679, "favorite_count": 0, "created_at": "Wed Jan 25 22:53:29 +0000 2017", "in_reply_to_screen_name": null}, {"id_str": "822489744915525633", "is_retweet": false, "text": "It\u2019s official. Our 45th president has taken the oath of office &amp; we couldn't be more excited! Congratulations to @POTUS Trump #Inauguration", "source": "Twitter Web Client", "retweet_count": 6081, "favorite_count": 17663, "created_at": "Fri Jan 20 17:03:30 +0000 2017", "in_reply_to_screen_name": null}, {"id_str": "824326664180137992", "is_retweet": true, "text": "RT @VP: Our new UN Ambassador @nikkihaley is getting right to work with President @realDonaldTrump and @SenRubioPress. https://t.co/7Ib1Dju\u2026", "source": "Twitter Web Client", "retweet_count": 3606, "favorite_count": 0, "created_at": "Wed Jan 25 18:42:46 +0000 2017", "in_reply_to_screen_name": null}, {"id_str": "823748933075746816", "is_retweet": true, "text": "RT @VP: Tonight I had the privilege to administer the Oath of Office to Mike Pompeo as the new Director of the Central Intelligence Agency.\u2026", "source": "Twitter for iPhone", "retweet_count": 6374, "favorite_count": 0, "created_at": "Tue Jan 24 04:27:04 +0000 2017", "in_reply_to_screen_name": null}, {"id_str": "834862105438322689", "is_retweet": true, "text": "RT @Reince45: Thank you for having us! #CPAC2017 https://t.co/XIkQT24Edc", "source": "Twitter Web Client", "retweet_count": 632, "favorite_count": 0, "created_at": "Thu Feb 23 20:26:51 +0000 2017", "in_reply_to_screen_name": null}, {"id_str": "831266888189693952", "is_retweet": false, "text": "Joint Statement from President Donald J. Trump and Prime Minister Justin Trudeau: https://t.co/MmsGJgUI3c https://t.co/xzP3efrplU", "source": "Twitter for iPhone", "retweet_count": 1119, "favorite_count": 5005, "created_at": "Mon Feb 13 22:20:44 +0000 2017", "in_reply_to_screen_name": null}, {"id_str": "827656654284001280", "is_retweet": true, "text": "RT @SenatorEnzi: Senate leaders applaud action by White House to stop big government \u201cfiduciary rule\u201d. https://t.co/l2zRXeIUJm", "source": "Twitter for iPhone", "retweet_count": 878, "favorite_count": 0, "created_at": "Fri Feb 03 23:14:58 +0000 2017", "in_reply_to_screen_name": null}, {"id_str": "832343098042830848", "is_retweet": false, "text": ".@POTUS Donald J. Trump Nominates R. Alexander Acosta to be Secretary of @USDOL: https://t.co/JjxmEXzNGd", "source": "TweetDeck", "retweet_count": 723, "favorite_count": 3567, "created_at": "Thu Feb 16 21:37:13 +0000 2017", "in_reply_to_screen_name": null}, {"id_str": "824981805635874817", "is_retweet": false, "text": "Today we celebrate one week since making history with the swearing-in of @POTUS Trump and @VP Pence! Watch\u27a1\ufe0f\u2026 https://t.co/slHPsqRlFT", "source": "Twitter Web Client", "retweet_count": 1727, "favorite_count": 5590, "created_at": "Fri Jan 27 14:06:04 +0000 2017", "in_reply_to_screen_name": null}, {"id_str": "825439270156587009", "is_retweet": true, "text": "RT @POTUS: YOUR WEEKLY ADDRESS: https://t.co/iCUns5IOJ5", "source": "Twitter Web Client", "retweet_count": 17861, "favorite_count": 0, "created_at": "Sat Jan 28 20:23:52 +0000 2017", "in_reply_to_screen_name": null}, {"id_str": "826593494567362561", "is_retweet": true, "text": "RT @POTUS: Join me live from the @WhiteHouse as I announce my nomination for United States Supreme Court Justice. https://t.co/nWU7O6EyQ6 h\u2026", "source": "Twitter Web Client", "retweet_count": 3125, "favorite_count": 0, "created_at": "Wed Feb 01 00:50:21 +0000 2017", "in_reply_to_screen_name": null}, {"id_str": "826596356336803840", "is_retweet": true, "text": "RT @realDonaldTrump: Join me live from the @WhiteHouse.\nhttps://t.co/LHOs4nAaGl", "source": "Twitter Web Client", "retweet_count": 6714, "favorite_count": 0, "created_at": "Wed Feb 01 01:01:43 +0000 2017", "in_reply_to_screen_name": null}, {"id_str": "826602063916326912", "is_retweet": false, "text": "\"Judge Gorsuch has a superb intellect, an unparalleled legal edu, and a commitment to interpreting the Constitution\u2026 https://t.co/ErtgG1YeQr", "source": "Twitter Web Client", "retweet_count": 2010, "favorite_count": 8533, "created_at": "Wed Feb 01 01:24:24 +0000 2017", "in_reply_to_screen_name": null}, {"id_str": "827265264228016130", "is_retweet": true, "text": "RT @VP: Honored to welcome German Vice Chancellor &amp; Min. for Foreign Affairs Gabriel to the White House today to discuss NATO &amp; transatlant\u2026", "source": "Twitter for iPhone", "retweet_count": 1766, "favorite_count": 0, "created_at": "Thu Feb 02 21:19:43 +0000 2017", "in_reply_to_screen_name": null}, {"id_str": "826903233683660803", "is_retweet": true, "text": "RT @VP: Grateful for @SenateMajLdr's strong support for President @realDonaldTrump's Supreme Court nominee, Judge Gorsuch. https://t.co/qng\u2026", "source": "Twitter Web Client", "retweet_count": 1593, "favorite_count": 0, "created_at": "Wed Feb 01 21:21:08 +0000 2017", "in_reply_to_screen_name": null}, {"id_str": "827640171814322180", "is_retweet": false, "text": "It's been another historic week at the White House. Tune in NOW for @POTUS Trump's second weekly address! \nhttps://t.co/QTXUMc1eoY", "source": "Twitter Web Client", "retweet_count": 988, "favorite_count": 4355, "created_at": "Fri Feb 03 22:09:28 +0000 2017", "in_reply_to_screen_name": null}, {"id_str": "824720962071523332", "is_retweet": true, "text": "RT @VP: Work benefiting the American people will get done in DC. Great discussion w/ GOP House &amp; Senate members about moving @POTUS agenda\u2026", "source": "Twitter Web Client", "retweet_count": 1660, "favorite_count": 0, "created_at": "Thu Jan 26 20:49:34 +0000 2017", "in_reply_to_screen_name": null}, {"id_str": "834794382687625216", "is_retweet": false, "text": "Join us LIVE as @POTUS Trump leads a listening session with manufacturing CEOs: https://t.co/WpumKfclto", "source": "TweetDeck", "retweet_count": 468, "favorite_count": 2437, "created_at": "Thu Feb 23 15:57:45 +0000 2017", "in_reply_to_screen_name": null}, {"id_str": "822538681764417537", "is_retweet": false, "text": "Join us in congratulating @VP Pence on his #Inauguration as the 48th Vice-President of the United States of America! https://t.co/BC345hiKjM", "source": "Twitter Web Client", "retweet_count": 2755, "favorite_count": 12141, "created_at": "Fri Jan 20 20:17:58 +0000 2017", "in_reply_to_screen_name": null}, {"id_str": "825417786247749632", "is_retweet": true, "text": "RT @VP: Welcomed my good friend Governor @EricGreitens to the White House today. He is doing a great job for the people of Missouri. https:\u2026", "source": "Twitter Web Client", "retweet_count": 4362, "favorite_count": 0, "created_at": "Sat Jan 28 18:58:30 +0000 2017", "in_reply_to_screen_name": null}, {"id_str": "830527853217341440", "is_retweet": false, "text": "President Trump Approves Oklahoma Disaster Declaration\nhttps://t.co/2I65tyIYl3", "source": "Twitter for iPhone", "retweet_count": 1107, "favorite_count": 4963, "created_at": "Sat Feb 11 21:24:05 +0000 2017", "in_reply_to_screen_name": null}, {"id_str": "827308768748769280", "is_retweet": true, "text": "RT @POTUS: 'Trump taps first woman to CIA second in command'\nhttps://t.co/15yzhsH6Qq", "source": "Twitter for iPhone", "retweet_count": 7272, "favorite_count": 0, "created_at": "Fri Feb 03 00:12:35 +0000 2017", "in_reply_to_screen_name": null}, {"id_str": "827216043223445504", "is_retweet": true, "text": "RT @POTUS: Great meeting with @harleydavidson executives from Milwaukee, Wisconsin at the @WhiteHouse. https://t.co/7Spcmh6guM", "source": "Twitter Web Client", "retweet_count": 9550, "favorite_count": 0, "created_at": "Thu Feb 02 18:04:08 +0000 2017", "in_reply_to_screen_name": null}, {"id_str": "830490121468334082", "is_retweet": false, "text": "President Trump Acts to Restore Public Safety and Protect Law Enforcement. #LESM \nhttps://t.co/15Mtffof6h", "source": "Twitter for iPhone", "retweet_count": 2702, "favorite_count": 10063, "created_at": "Sat Feb 11 18:54:09 +0000 2017", "in_reply_to_screen_name": null}, {"id_str": "835251208507932672", "is_retweet": false, "text": "ICYMI: @POTUS Trump spoke at @CPAC earlier today. Watch his remarks here: https://t.co/YNJGyFknLN https://t.co/K7H1kyyy6W", "source": "TweetDeck", "retweet_count": 672, "favorite_count": 3162, "created_at": "Fri Feb 24 22:13:00 +0000 2017", "in_reply_to_screen_name": null}, {"id_str": "823926468002648065", "is_retweet": false, "text": ".@POTUS Trump met w/ automobile industry leaders in the Roosevelt Room this morning \u2014 delivering on his promise to\u2026 https://t.co/wzuWRaKCLY", "source": "Twitter Web Client", "retweet_count": 1528, "favorite_count": 5955, "created_at": "Tue Jan 24 16:12:32 +0000 2017", "in_reply_to_screen_name": null}, {"id_str": "823297103111786497", "is_retweet": true, "text": "RT @POTUS: It was an honor to host our amazing teams of law enforcement at the @WhiteHouse this afternoon. @VP Pence and I are grateful for\u2026", "source": "Twitter for iPhone", "retweet_count": 14380, "favorite_count": 0, "created_at": "Sun Jan 22 22:31:40 +0000 2017", "in_reply_to_screen_name": null}, {"id_str": "826985494336663552", "is_retweet": true, "text": "RT @StateDept: Watch the swearing in of Secretary of State Tillerson at the @WhiteHouse. https://t.co/xRDWIv09Ce", "source": "Twitter for iPhone", "retweet_count": 2880, "favorite_count": 0, "created_at": "Thu Feb 02 02:48:01 +0000 2017", "in_reply_to_screen_name": null}, {"id_str": "826961793197232128", "is_retweet": true, "text": "RT @POTUS: Congratulations to our new Secretary of State Rex Tillerson, sworn-in this evening by @VP Mike Pence. https://t.co/YvLoJZUKj8", "source": "Twitter for iPhone", "retweet_count": 10284, "favorite_count": 0, "created_at": "Thu Feb 02 01:13:50 +0000 2017", "in_reply_to_screen_name": null}, {"id_str": "823672078696153088", "is_retweet": true, "text": "RT @VP: Proud to stand w/ President Trump signing EOs: withdrawing US from TPP, prohibiting int'l abortion funding &amp; freezing hiring except\u2026", "source": "Twitter for iPhone", "retweet_count": 5238, "favorite_count": 0, "created_at": "Mon Jan 23 23:21:41 +0000 2017", "in_reply_to_screen_name": null}, {"id_str": "824700466818936832", "is_retweet": true, "text": "RT @realDonaldTrump: Spoke at the Congressional @GOP Retreat in Philadelphia, PA. this afternoon w/ @VP, @SenateMajLdr, @SpeakerRyan. Thank\u2026", "source": "Twitter for iPhone", "retweet_count": 11496, "favorite_count": 0, "created_at": "Thu Jan 26 19:28:08 +0000 2017", "in_reply_to_screen_name": null}, {"id_str": "831604691918319617", "is_retweet": false, "text": "And watch LIVE as @VP Pence participates in the swearing-in of @SBAgov Administrator, @Linda_McMahon:\u2026 https://t.co/YiFxzdxbF9", "source": "Twitter Web Client", "retweet_count": 995, "favorite_count": 5080, "created_at": "Tue Feb 14 20:43:03 +0000 2017", "in_reply_to_screen_name": null}, {"id_str": "828661277576876033", "is_retweet": false, "text": "'@VP Pence Takes Wounded Warriors to #SuperBowl'\nhttps://t.co/63kCEpzPR9", "source": "Twitter for iPhone", "retweet_count": 1702, "favorite_count": 8116, "created_at": "Mon Feb 06 17:46:59 +0000 2017", "in_reply_to_screen_name": null}, {"id_str": "824962846157045763", "is_retweet": true, "text": "RT @PressSec: Another busy day for @POTUS - meeting with @theresa_may at WH , swearing in of SECDEF at Pentagon and signing of executive me\u2026", "source": "Twitter Web Client", "retweet_count": 1101, "favorite_count": 0, "created_at": "Fri Jan 27 12:50:44 +0000 2017", "in_reply_to_screen_name": null}, {"id_str": "826946942857003008", "is_retweet": false, "text": "Tune in now for the LIVE ceremonial swearing-in of our new Secretary of State, Rex Tillerson! https://t.co/1wTnWbBJ9o", "source": "Twitter Web Client", "retweet_count": 549, "favorite_count": 3382, "created_at": "Thu Feb 02 00:14:49 +0000 2017", "in_reply_to_screen_name": null}, {"id_str": "825763925677453314", "is_retweet": true, "text": "RT @realDonaldTrump: Our country needs strong borders and extreme vetting, NOW. Look what is happening all over Europe and, indeed, the wor\u2026", "source": "Twitter Web Client", "retweet_count": 51580, "favorite_count": 0, "created_at": "Sun Jan 29 17:53:56 +0000 2017", "in_reply_to_screen_name": null}, {"id_str": "824990215190241281", "is_retweet": true, "text": "RT @PressSec: When @vp addresses #MarchForLife today it will be the first time a sitting Vice President has spoken in person March", "source": "Twitter for iPhone", "retweet_count": 2379, "favorite_count": 0, "created_at": "Fri Jan 27 14:39:29 +0000 2017", "in_reply_to_screen_name": null}, {"id_str": "831884186072014849", "is_retweet": false, "text": "Watch LIVE: @POTUS Trump participates in a listening session with the Retail Industry Leaders Association &amp; CEOs: https://t.co/bgbUWchs90", "source": "Twitter Web Client", "retweet_count": 570, "favorite_count": 3074, "created_at": "Wed Feb 15 15:13:40 +0000 2017", "in_reply_to_screen_name": null}, {"id_str": "824758244300189696", "is_retweet": true, "text": "RT @VP: Honored to meet with Pro-Life leaders in my office tonight. Just told them I look forward to addressing National @March_for_Life on\u2026", "source": "Twitter for iPhone", "retweet_count": 10573, "favorite_count": 0, "created_at": "Thu Jan 26 23:17:43 +0000 2017", "in_reply_to_screen_name": null}, {"id_str": "826202559018913797", "is_retweet": true, "text": "RT @realDonaldTrump: The American dream is back. We\u2019re going to create an environment for small business like we haven\u2019t had in many, many\u2026", "source": "Twitter Web Client", "retweet_count": 35301, "favorite_count": 0, "created_at": "Mon Jan 30 22:56:54 +0000 2017", "in_reply_to_screen_name": null}, {"id_str": "832721903563464704", "is_retweet": false, "text": "Join us LIVE as Justice Samuel Alito participates in the swearing-in of @EPA Administrator Scott Pruitt:\u2026 https://t.co/67fNfEs7gP", "source": "TweetDeck", "retweet_count": 664, "favorite_count": 3473, "created_at": "Fri Feb 17 22:42:27 +0000 2017", "in_reply_to_screen_name": null}, {"id_str": "832362046587035648", "is_retweet": false, "text": "Coming up LIVE: @VP Pence participates in the swearing-in of OMB Director, Mick Mulvaney: https://t.co/FRmhXRiQVz https://t.co/rNeeXvVdGM", "source": "TweetDeck", "retweet_count": 1088, "favorite_count": 5511, "created_at": "Thu Feb 16 22:52:31 +0000 2017", "in_reply_to_screen_name": null}, {"id_str": "823990763994419202", "is_retweet": true, "text": "RT @POTUS: Meeting with members of the Senate leadership at the @WhiteHouse now with @VP Pence. https://t.co/SjpbTV1ysS", "source": "Twitter for iPhone", "retweet_count": 5748, "favorite_count": 0, "created_at": "Tue Jan 24 20:28:01 +0000 2017", "in_reply_to_screen_name": null}, {"id_str": "827256389722517509", "is_retweet": true, "text": "RT @VP: .@POTUS and I enjoyed welcoming @harleydavidson execs &amp; union leaders to the @WhiteHouse to discuss keeping America's manufacturing\u2026", "source": "Twitter for iPhone", "retweet_count": 3421, "favorite_count": 0, "created_at": "Thu Feb 02 20:44:27 +0000 2017", "in_reply_to_screen_name": null}, {"id_str": "823990581370163200", "is_retweet": false, "text": "Today @POTUS Trump took action to expedite high priority energy &amp; infrastructure projects:\n\u2714\ufe0fKeystone XL pipeline\u2026 https://t.co/8Oahb4NGEP", "source": "Twitter Web Client", "retweet_count": 1691, "favorite_count": 6253, "created_at": "Tue Jan 24 20:27:18 +0000 2017", "in_reply_to_screen_name": null}, {"id_str": "823523280502063105", "is_retweet": true, "text": "RT @POTUS: Busy week planned with a heavy focus on jobs &amp; national security. Top executives coming in at 9 A.M. to talk manufacturing in Am\u2026", "source": "Twitter for iPhone", "retweet_count": 10853, "favorite_count": 0, "created_at": "Mon Jan 23 13:30:25 +0000 2017", "in_reply_to_screen_name": null}, {"id_str": "834862188280020993", "is_retweet": true, "text": "RT @POTUS: Great job - see you tomorrow at 10amE! #CPAC2017 https://t.co/bO99P9CCg5", "source": "Twitter Web Client", "retweet_count": 3364, "favorite_count": 0, "created_at": "Thu Feb 23 20:27:11 +0000 2017", "in_reply_to_screen_name": null}, {"id_str": "828660814966091776", "is_retweet": true, "text": "RT @VP: It's a great honor to visit with Former President @GeorgeHWBush &amp; Barbara Bush. Their service to our nation \ud83c\uddfa\ud83c\uddf8 is an inspiration to\u2026", "source": "Twitter for iPhone", "retweet_count": 6783, "favorite_count": 0, "created_at": "Mon Feb 06 17:45:08 +0000 2017", "in_reply_to_screen_name": null}, {"id_str": "826600739191521280", "is_retweet": true, "text": "RT @SpeakerRyan: Judge Neil Gorsuch is a phenomenal nominee for the #SCOTUS. https://t.co/qQIeFmXE3O https://t.co/QoiGqCZ2dH", "source": "Twitter Web Client", "retweet_count": 2930, "favorite_count": 0, "created_at": "Wed Feb 01 01:19:08 +0000 2017", "in_reply_to_screen_name": null}, {"id_str": "826903245037694980", "is_retweet": true, "text": "RT @GorsuchFacts: .@POTUS Trump keeps another promise to the American people by nominating Judge Neil Gorsuch to #SCOTUS. #JusticeGorsuch h\u2026", "source": "Twitter Web Client", "retweet_count": 1051, "favorite_count": 0, "created_at": "Wed Feb 01 21:21:11 +0000 2017", "in_reply_to_screen_name": null}, {"id_str": "825763859503919105", "is_retweet": true, "text": "RT @POTUS: Presidential Memorandum Organization of the National Security Council and the Homeland Security Council: https://t.co/8bMNArkQH1\u2026", "source": "Twitter Web Client", "retweet_count": 4219, "favorite_count": 0, "created_at": "Sun Jan 29 17:53:40 +0000 2017", "in_reply_to_screen_name": null}, {"id_str": "826600832992960512", "is_retweet": true, "text": "RT @SenateMajLdr: My statement on @POTUS' excellent selection of Neil Gorsuch as our next #SCOTUS Justice https://t.co/z7TNYvd0ie", "source": "Twitter Web Client", "retweet_count": 3655, "favorite_count": 0, "created_at": "Wed Feb 01 01:19:30 +0000 2017", "in_reply_to_screen_name": null}, {"id_str": "825845649492946944", "is_retweet": true, "text": "RT @POTUS: Statement Regarding Recent Executive Order Concerning Extreme Vetting: https://t.co/junoy06y2R", "source": "Twitter for iPhone", "retweet_count": 7896, "favorite_count": 0, "created_at": "Sun Jan 29 23:18:40 +0000 2017", "in_reply_to_screen_name": null}, {"id_str": "831978580250877964", "is_retweet": false, "text": ".@POTUS Trump: Cutting Red Tape for American Businesses https://t.co/TArdN89Ze2", "source": "Twitter Web Client", "retweet_count": 1003, "favorite_count": 4700, "created_at": "Wed Feb 15 21:28:45 +0000 2017", "in_reply_to_screen_name": null}, {"id_str": "826854458659393540", "is_retweet": true, "text": "RT @POTUS: Moment of prayer last night after my nomination of Judge Neil Gorsuch for #SCOTUS. It was an honor having Maureen and Fr. Scalia\u2026", "source": "Twitter Web Client", "retweet_count": 15314, "favorite_count": 0, "created_at": "Wed Feb 01 18:07:19 +0000 2017", "in_reply_to_screen_name": null}, {"id_str": "826599060949839872", "is_retweet": true, "text": "RT @POTUS: #JusticeGorsuch #SCOTUS https://t.co/Y96Hi2bbIj", "source": "Twitter Web Client", "retweet_count": 4994, "favorite_count": 0, "created_at": "Wed Feb 01 01:12:28 +0000 2017", "in_reply_to_screen_name": null}, {"id_str": "827161536183480326", "is_retweet": false, "text": "\"America is a nation of believers.\" - @POTUS Trump speaking at #nationalprayerbreakfast", "source": "Twitter Web Client", "retweet_count": 1544, "favorite_count": 7434, "created_at": "Thu Feb 02 14:27:32 +0000 2017", "in_reply_to_screen_name": null}, {"id_str": "822898940802699271", "is_retweet": false, "text": "A behind-the-scenes look as @POTUS Trump walks out to be sworn in as America's 45th President. #Inauguration https://t.co/mtoKzZDoW3", "source": "Twitter Web Client", "retweet_count": 2926, "favorite_count": 13504, "created_at": "Sat Jan 21 20:09:30 +0000 2017", "in_reply_to_screen_name": null}, {"id_str": "833709956096487424", "is_retweet": false, "text": "Happy #PresidentsDay! Learn more about all 45 of our Presidents here: https://t.co/wDA3f2vyej https://t.co/mYDND35V3G", "source": "Twitter Web Client", "retweet_count": 3119, "favorite_count": 10905, "created_at": "Mon Feb 20 16:08:37 +0000 2017", "in_reply_to_screen_name": null}, {"id_str": "826602268116078593", "is_retweet": true, "text": "RT @GorsuchFacts: Judge Gorsuch defends the Constitution &amp; protects individual rights, incl religious liberty, against gov't attack. #Justi\u2026", "source": "Twitter Web Client", "retweet_count": 4698, "favorite_count": 0, "created_at": "Wed Feb 01 01:25:12 +0000 2017", "in_reply_to_screen_name": null}, {"id_str": "825461998519468032", "is_retweet": true, "text": "RT @POTUS: Signed some additional executive orders in the Oval Office moments ago- https://t.co/fgIaVW5aJD", "source": "Twitter for iPhone", "retweet_count": 8182, "favorite_count": 0, "created_at": "Sat Jan 28 21:54:11 +0000 2017", "in_reply_to_screen_name": null}, {"id_str": "831901345636577280", "is_retweet": false, "text": "Coming up LIVE: @POTUS Trump participates in a joint press conference with @IsraeliPM Netanyahu:\u2026 https://t.co/musxcl7Eg0", "source": "Twitter Web Client", "retweet_count": 1576, "favorite_count": 6816, "created_at": "Wed Feb 15 16:21:51 +0000 2017", "in_reply_to_screen_name": null}, {"id_str": "832329716837281792", "is_retweet": false, "text": "Join us LIVE as @POTUS Trump signs H.J.Res. 38: https://t.co/T2M5qxSWBs", "source": "TweetDeck", "retweet_count": 695, "favorite_count": 3910, "created_at": "Thu Feb 16 20:44:03 +0000 2017", "in_reply_to_screen_name": null}, {"id_str": "829718945397612547", "is_retweet": true, "text": "RT @POTUS: Join us live at the @WhiteHouse for the swearing in of our new Attorney General, @SenatorSessions!  \nLIVE: https://t.co/cikeZjU1\u2026", "source": "Twitter for iPhone", "retweet_count": 3531, "favorite_count": 0, "created_at": "Thu Feb 09 15:49:46 +0000 2017", "in_reply_to_screen_name": null}, {"id_str": "826597453411581953", "is_retweet": true, "text": "RT @GorsuchFacts: BREAKING: @POTUS Trump has nominated Judge Neil Gorsuch for #SCOTUS! #JusticeGorsuch https://t.co/Ugj1Kv3Xp2", "source": "Twitter Web Client", "retweet_count": 4522, "favorite_count": 0, "created_at": "Wed Feb 01 01:06:04 +0000 2017", "in_reply_to_screen_name": null}, {"id_str": "822522909939810304", "is_retweet": true, "text": "RT @POTUS: #InaugurationDay Speech\ud83c\uddfa\ud83c\uddf8\nhttps://t.co/2h8yWMYQz9 https://t.co/Q9u8n9vez2", "source": "Twitter Web Client", "retweet_count": 20574, "favorite_count": 0, "created_at": "Fri Jan 20 19:15:18 +0000 2017", "in_reply_to_screen_name": null}, {"id_str": "824056015230472197", "is_retweet": true, "text": "RT @realDonaldTrump: Great meeting with Ford CEO Mark Fields and General Motors CEO Mary Barra at the @WhiteHouse today. https://t.co/T0eIg\u2026", "source": "Twitter for iPhone", "retweet_count": 19036, "favorite_count": 0, "created_at": "Wed Jan 25 00:47:18 +0000 2017", "in_reply_to_screen_name": null}, {"id_str": "822535914937257989", "is_retweet": false, "text": "An incredible moment in American history \u2014 @POTUS Trump taking the oath of office. https://t.co/o1N1QMGB1s", "source": "Twitter Web Client", "retweet_count": 4550, "favorite_count": 15599, "created_at": "Fri Jan 20 20:06:58 +0000 2017", "in_reply_to_screen_name": null}, {"id_str": "825763830395449345", "is_retweet": true, "text": "RT @POTUS: Presidential Memorandum Plan to Defeat the Islamic State of Iraq and Syria: https://t.co/MWvPlRQ8ZI https://t.co/1IkgK8wEWF", "source": "Twitter Web Client", "retweet_count": 6655, "favorite_count": 0, "created_at": "Sun Jan 29 17:53:33 +0000 2017", "in_reply_to_screen_name": null}, {"id_str": "827570689846702080", "is_retweet": true, "text": "RT @GorsuchFacts: Yesterday, #SCOTUS nominee Judge Gorsuch met with Senators all over the Capitol\u2026he also met with this puppy. #JusticeGors\u2026", "source": "Twitter Web Client", "retweet_count": 4522, "favorite_count": 0, "created_at": "Fri Feb 03 17:33:22 +0000 2017", "in_reply_to_screen_name": null}, {"id_str": "826607453856989184", "is_retweet": true, "text": "RT @GorsuchFacts: 11 current Dem Senators &amp; 20 current GOP Senators were in office when Judge Gorsuch was confirmed w/out oppo in '06. #Jus\u2026", "source": "Twitter Web Client", "retweet_count": 6326, "favorite_count": 0, "created_at": "Wed Feb 01 01:45:49 +0000 2017", "in_reply_to_screen_name": null}, {"id_str": "835210377768075264", "is_retweet": false, "text": ".@POTUS Trump cuts through more red tape: https://t.co/KfAyQ757aq", "source": "Twitter Web Client", "retweet_count": 2205, "favorite_count": 10785, "created_at": "Fri Feb 24 19:30:46 +0000 2017", "in_reply_to_screen_name": null}, {"id_str": "827547222455775232", "is_retweet": false, "text": ".@POTUS &amp; @FLOTUS invite Americans to wear red today to raise awareness about \u2764 disease &amp; improve our nation's heal\u2026 https://t.co/HF6eu5Mcfv", "source": "Twitter Web Client", "retweet_count": 1085, "favorite_count": 3671, "created_at": "Fri Feb 03 16:00:07 +0000 2017", "in_reply_to_screen_name": "WhiteHouse"}, {"id_str": "824236812679966720", "is_retweet": true, "text": "RT @realDonaldTrump: I will be making my Supreme Court pick on Thursday of next week.Thank you!", "source": "Twitter for iPhone", "retweet_count": 22184, "favorite_count": 0, "created_at": "Wed Jan 25 12:45:44 +0000 2017", "in_reply_to_screen_name": null}, {"id_str": "826069070114066432", "is_retweet": true, "text": "RT @realDonaldTrump: I have made my decision on who I will nominate for The United States Supreme Court. It will be announced live on Tuesd\u2026", "source": "Twitter for iPhone", "retweet_count": 25498, "favorite_count": 0, "created_at": "Mon Jan 30 14:06:28 +0000 2017", "in_reply_to_screen_name": null}, {"id_str": "823977611445633024", "is_retweet": false, "text": ".@GM CEO Mary Barra: \"There's a huge opportunity\" to improve the environment, safety, jobs creation, &amp; \"competitiveness of manufacturing.\"", "source": "Twitter Web Client", "retweet_count": 885, "favorite_count": 3089, "created_at": "Tue Jan 24 19:35:45 +0000 2017", "in_reply_to_screen_name": "WhiteHouse"}, {"id_str": "824100908829184000", "is_retweet": true, "text": "RT @realDonaldTrump: Big day planned on NATIONAL SECURITY tomorrow. Among many other things, we will build the wall!", "source": "Twitter for iPhone", "retweet_count": 55472, "favorite_count": 0, "created_at": "Wed Jan 25 03:45:42 +0000 2017", "in_reply_to_screen_name": null}, {"id_str": "832609107815325698", "is_retweet": false, "text": "Join us at 11am EST for @POTUS Trump's Weekly Address: https://t.co/yNfQwKdlE2 https://t.co/0RRosyS5EB", "source": "TweetDeck", "retweet_count": 3443, "favorite_count": 17533, "created_at": "Fri Feb 17 15:14:15 +0000 2017", "in_reply_to_screen_name": null}, {"id_str": "822921756734324738", "is_retweet": false, "text": "\"Do not allow anyone to tell you that it cannot be done. No challenge can match the HEART and FIGHT and SPIRIT of A\u2026 https://t.co/bXYAH4cjVB", "source": "Twitter Web Client", "retweet_count": 28399, "favorite_count": 128131, "created_at": "Sat Jan 21 21:40:10 +0000 2017", "in_reply_to_screen_name": null}, {"id_str": "825044503509790723", "is_retweet": true, "text": "RT @PressSec: The United Kingdom's Prime Minister @theresa_may becomes the first head of government to sign the White House book under @POT\u2026", "source": "Twitter Web Client", "retweet_count": 3311, "favorite_count": 0, "created_at": "Fri Jan 27 18:15:12 +0000 2017", "in_reply_to_screen_name": null}, {"id_str": "824282315002150913", "is_retweet": false, "text": "We're having an incredible 1st week at the White House \u2014 10 Executive Orders &amp; Memorandums from @POTUS Trump so far\u2026 https://t.co/1SB1Qfa9iH", "source": "Twitter Web Client", "retweet_count": 2200, "favorite_count": 7348, "created_at": "Wed Jan 25 15:46:32 +0000 2017", "in_reply_to_screen_name": null}, {"id_str": "826647506490634241", "is_retweet": true, "text": "RT @realDonaldTrump: Hope you like my nomination of Judge Neil Gorsuch for the United States Supreme Court. He is a good and brilliant man,\u2026", "source": "Twitter for iPhone", "retweet_count": 34947, "favorite_count": 0, "created_at": "Wed Feb 01 04:24:58 +0000 2017", "in_reply_to_screen_name": null}, {"id_str": "822507925432397825", "is_retweet": false, "text": "\"This is YOUR day. This is YOUR celebration. And this, the United States of America, is YOUR country.\" - @POTUS", "source": "Twitter Web Client", "retweet_count": 2108, "favorite_count": 7159, "created_at": "Fri Jan 20 18:15:45 +0000 2017", "in_reply_to_screen_name": null}, {"id_str": "827545936062795781", "is_retweet": false, "text": "We honor this month as American Heart Month to remember those who have lost their lives to heart disease.\u2764\nhttps://t.co/5gN5wG8JKU", "source": "Twitter Web Client", "retweet_count": 3066, "favorite_count": 14167, "created_at": "Fri Feb 03 15:55:00 +0000 2017", "in_reply_to_screen_name": null}, {"id_str": "834494603680215040", "is_retweet": true, "text": "RT @VP: LISTEN LIVE now as I join hardworking Americans in Missouri to discuss America's economic comeback: https://t.co/VgPq0m37zR", "source": "Twitter Web Client", "retweet_count": 816, "favorite_count": 0, "created_at": "Wed Feb 22 20:06:32 +0000 2017", "in_reply_to_screen_name": null}, {"id_str": "823955568566145024", "is_retweet": true, "text": "RT @realDonaldTrump: Signing orders to move forward with the construction of the Keystone XL and Dakota Access pipelines in the Oval Office\u2026", "source": "Twitter for iPhone", "retweet_count": 26226, "favorite_count": 0, "created_at": "Tue Jan 24 18:08:10 +0000 2017", "in_reply_to_screen_name": null}, {"id_str": "826599464530014209", "is_retweet": true, "text": "RT @VP: Tonight, @POTUS nominated a Supreme Court Justice who will uphold the God-given liberties enshrined in our constitution \u2014 Judge Gor\u2026", "source": "Twitter Web Client", "retweet_count": 2455, "favorite_count": 0, "created_at": "Wed Feb 01 01:14:04 +0000 2017", "in_reply_to_screen_name": null}, {"id_str": "831373581561032704", "is_retweet": false, "text": "POTUS Trump Names Lt. General Joseph Keith Kellogg, Jr. as Acting National Security Advisor-Accepts Resignation of\u2026 https://t.co/5bGoYzIBEb", "source": "Twitter for iPhone", "retweet_count": 2760, "favorite_count": 6314, "created_at": "Tue Feb 14 05:24:42 +0000 2017", "in_reply_to_screen_name": null}, {"id_str": "826245810589409281", "is_retweet": true, "text": "RT @realDonaldTrump: The Democrats are delaying my cabinet picks for purely political reasons. They have nothing going but to obstruct. Now\u2026", "source": "Twitter for iPhone", "retweet_count": 28402, "favorite_count": 0, "created_at": "Tue Jan 31 01:48:46 +0000 2017", "in_reply_to_screen_name": null}, {"id_str": "825057194911608833", "is_retweet": true, "text": "RT @POTUS: An honor to have U.K. Prime Minister @theresa_may join me at the @WhiteHouse. #ICYMI- our joint press conference: https://t.co/4\u2026", "source": "Twitter Web Client", "retweet_count": 4492, "favorite_count": 0, "created_at": "Fri Jan 27 19:05:38 +0000 2017", "in_reply_to_screen_name": null}, {"id_str": "828696650797428740", "is_retweet": false, "text": "Happy Birthday, Mr. President! https://t.co/snf4pYhBiB", "source": "Twitter for iPhone", "retweet_count": 11627, "favorite_count": 46884, "created_at": "Mon Feb 06 20:07:32 +0000 2017", "in_reply_to_screen_name": null}, {"id_str": "824758237811638272", "is_retweet": true, "text": "RT @VP: This is Nat'l School Choice Week. @POTUS &amp; I are committed to making a great education possible for all our children https://t.co/T\u2026", "source": "Twitter for iPhone", "retweet_count": 1821, "favorite_count": 0, "created_at": "Thu Jan 26 23:17:41 +0000 2017", "in_reply_to_screen_name": null}, {"id_str": "826559062775042049", "is_retweet": true, "text": "RT @POTUS: Join me live from the @WhiteHouse at 8:00pm tonight. #SCOTUS \nhttps://t.co/7OJvZaW0Y7 https://t.co/nJyeYyACQ1", "source": "Twitter Web Client", "retweet_count": 5124, "favorite_count": 0, "created_at": "Tue Jan 31 22:33:31 +0000 2017", "in_reply_to_screen_name": null}, {"id_str": "824410997641338880", "is_retweet": true, "text": "RT @realDonaldTrump: Beginning today, the United States of America gets back control of its borders. Full speech from today @DHSgov: https:\u2026", "source": "Twitter for iPhone", "retweet_count": 23560, "favorite_count": 0, "created_at": "Thu Jan 26 00:17:53 +0000 2017", "in_reply_to_screen_name": null}, {"id_str": "826647518322819072", "is_retweet": true, "text": "RT @POTUS: President Donald J. Trump Nominates Judge Neil Gorsuch to the United States Supreme Court\n#JusticeGorsuch #SCOTUS \nhttps://t.co/\u2026", "source": "Twitter for iPhone", "retweet_count": 5189, "favorite_count": 0, "created_at": "Wed Feb 01 04:25:01 +0000 2017", "in_reply_to_screen_name": null}, {"id_str": "824641314520240129", "is_retweet": true, "text": "RT @VP: Humbled to board Air Force Two for 1st time with @SecondLady. We will see you shortly in Philadelphia to talk about @POTUS agenda f\u2026", "source": "Twitter for iPhone", "retweet_count": 2517, "favorite_count": 0, "created_at": "Thu Jan 26 15:33:05 +0000 2017", "in_reply_to_screen_name": null}, {"id_str": "824641291086692355", "is_retweet": true, "text": "RT @VP: Beautiful morning for @SecondLady Karen Pence and my 1st flight aboard Marine Two. Next stop Air Force Two. Will be in Philadelphia\u2026", "source": "Twitter for iPhone", "retweet_count": 2237, "favorite_count": 0, "created_at": "Thu Jan 26 15:32:59 +0000 2017", "in_reply_to_screen_name": null}, {"id_str": "834930290426540032", "is_retweet": true, "text": "RT @VP: WATCH LIVE to see my message about @POTUS Trump's agenda to the men &amp; women of the conservative movement at @CPAC. https://t.co/Fui\u2026", "source": "Twitter Web Client", "retweet_count": 906, "favorite_count": 0, "created_at": "Fri Feb 24 00:57:48 +0000 2017", "in_reply_to_screen_name": null}, {"id_str": "823699916203520000", "is_retweet": true, "text": "RT @POTUS: \u26a1\ufe0fTHANK YOU to my amazing family for their support since I announced my candidacy on 6/16/2015. -DJT https://t.co/Db6titMVtq", "source": "Twitter for iPhone", "retweet_count": 9936, "favorite_count": 0, "created_at": "Tue Jan 24 01:12:18 +0000 2017", "in_reply_to_screen_name": null}, {"id_str": "827639181669232640", "is_retweet": true, "text": "RT @POTUS: Remarks by President Trump at Signing of Executive Order on Fiduciary Rule: https://t.co/kMRFhlXlHe https://t.co/CKiU61iBqh", "source": "Twitter Web Client", "retweet_count": 4041, "favorite_count": 0, "created_at": "Fri Feb 03 22:05:32 +0000 2017", "in_reply_to_screen_name": null}, {"id_str": "827163172050079746", "is_retweet": false, "text": "\"We are all united by our faith... Freedom is not a gift from government... Freedom is a gift from God.\u201d - @POTUS #nationalprayerbreakfast", "source": "Twitter Web Client", "retweet_count": 2245, "favorite_count": 7570, "created_at": "Thu Feb 02 14:34:02 +0000 2017", "in_reply_to_screen_name": "WhiteHouse"}, {"id_str": "826610007399682049", "is_retweet": false, "text": "\"This has been the most transparent Supreme Court selection process in the history of our country.\" - @POTUS\u2026 https://t.co/kOadoSyXDs", "source": "Twitter Web Client", "retweet_count": 5562, "favorite_count": 24480, "created_at": "Wed Feb 01 01:55:58 +0000 2017", "in_reply_to_screen_name": null}, {"id_str": "822517413732192256", "is_retweet": false, "text": "\"From this day forward, a new vision will govern our land. From this moment on, it\u2019s going to be America First.\" - @POTUS", "source": "Twitter Web Client", "retweet_count": 2548, "favorite_count": 8176, "created_at": "Fri Jan 20 18:53:27 +0000 2017", "in_reply_to_screen_name": null}, {"id_str": "826518763256287232", "is_retweet": false, "text": "Join @POTUS Trump tonight at 8pm EST as he announces his #SCOTUS pick! We'll be streaming the historic event LIVE:\u2026 https://t.co/vyRaMYFHSs", "source": "Twitter Web Client", "retweet_count": 2001, "favorite_count": 5687, "created_at": "Tue Jan 31 19:53:23 +0000 2017", "in_reply_to_screen_name": null}, {"id_str": "830620962248937472", "is_retweet": false, "text": "LIVE Joint Statement by President Trump and Prime Minister Shinzo Abe: https://t.co/5tWYi9RHsw", "source": "Twitter for iPhone", "retweet_count": 756, "favorite_count": 3606, "created_at": "Sun Feb 12 03:34:04 +0000 2017", "in_reply_to_screen_name": null}, {"id_str": "823977284768038912", "is_retweet": false, "text": ".@Ford CEO Mark Fields on @POTUS decision to withdraw from TPP: \"We appreciate the President's courage to walk away from a bad trade deal.\"", "source": "Twitter Web Client", "retweet_count": 1824, "favorite_count": 5700, "created_at": "Tue Jan 24 19:34:28 +0000 2017", "in_reply_to_screen_name": null}, {"id_str": "825763815807713281", "is_retweet": true, "text": "RT @POTUS: Executive Order: ETHICS COMMITMENTS BY EXECUTIVE BRANCH APPOINTEES: https://t.co/0T7rvbEdAJ https://t.co/Z9fZd4jlCg", "source": "Twitter Web Client", "retweet_count": 4603, "favorite_count": 0, "created_at": "Sun Jan 29 17:53:30 +0000 2017", "in_reply_to_screen_name": null}, {"id_str": "825057160421859328", "is_retweet": true, "text": "RT @VP: It was my honor to speak at the @March_for_Life today w/ my family &amp; share the commitment of @POTUS to restore culture of life in A\u2026", "source": "Twitter Web Client", "retweet_count": 8167, "favorite_count": 0, "created_at": "Fri Jan 27 19:05:30 +0000 2017", "in_reply_to_screen_name": null}, {"id_str": "829003590782111744", "is_retweet": true, "text": "RT @realDonaldTrump: An honor having the National Sheriffs' Assoc. join me at the @WhiteHouse. Incredible men &amp; women who protect &amp; serve 2\u2026", "source": "Twitter for iPhone", "retweet_count": 18623, "favorite_count": 0, "created_at": "Tue Feb 07 16:27:12 +0000 2017", "in_reply_to_screen_name": null}, {"id_str": "832287616850657280", "is_retweet": false, "text": "Watch LIVE as @POTUS Trump holds a press conference in the East Room of the White House: https://t.co/1i1w8w6Eky https://t.co/hL2CxGN1UX", "source": "TweetDeck", "retweet_count": 820, "favorite_count": 4740, "created_at": "Thu Feb 16 17:56:45 +0000 2017", "in_reply_to_screen_name": null}, {"id_str": "824442482633113601", "is_retweet": true, "text": "RT @realDonaldTrump: As your President, I have no higher duty than to protect the lives of the American people. https://t.co/o7YNUNwb8f", "source": "Twitter for iPhone", "retweet_count": 29651, "favorite_count": 0, "created_at": "Thu Jan 26 02:22:59 +0000 2017", "in_reply_to_screen_name": null}, {"id_str": "826508426817708032", "is_retweet": true, "text": "RT @POTUS: Today I met with pharmaceutical executives at the @WhiteHouse...https://t.co/T1L7e8pHG1 https://t.co/MDr9b7rBhN", "source": "Twitter for iPhone", "retweet_count": 4982, "favorite_count": 0, "created_at": "Tue Jan 31 19:12:19 +0000 2017", "in_reply_to_screen_name": null}, {"id_str": "824389797506613249", "is_retweet": true, "text": "RT @VP: The Dow closes above 20K for 1st time in history. US economy is being unleashed under President @realDonaldTrump. \ud83c\uddfa\ud83c\uddf8 https://t.co/z\u2026", "source": "Twitter Web Client", "retweet_count": 4782, "favorite_count": 0, "created_at": "Wed Jan 25 22:53:38 +0000 2017", "in_reply_to_screen_name": null}, {"id_str": "826202544867250176", "is_retweet": true, "text": "RT @VP: Grateful to welcome King Abdullah II of Jordan this morning as first foreign leader to visit VP Residence. https://t.co/LXjWcD8jRi", "source": "Twitter Web Client", "retweet_count": 7876, "favorite_count": 0, "created_at": "Mon Jan 30 22:56:51 +0000 2017", "in_reply_to_screen_name": null}, {"id_str": "825786232554811393", "is_retweet": true, "text": "RT @VP: We mourn the loss of a hero in battle against radical Islamic terror. Our prayers go to loved ones of fallen service member &amp; the w\u2026", "source": "Twitter for iPhone", "retweet_count": 8458, "favorite_count": 0, "created_at": "Sun Jan 29 19:22:34 +0000 2017", "in_reply_to_screen_name": null}, {"id_str": "823921238892511232", "is_retweet": true, "text": "RT @VP: Good discussion with President @realDonaldTrump and automotive leaders about creating new auto jobs in the U.S. \ud83c\uddfa\ud83c\uddf8 https://t.co/p9C\u2026", "source": "Twitter for iPhone", "retweet_count": 3143, "favorite_count": 0, "created_at": "Tue Jan 24 15:51:45 +0000 2017", "in_reply_to_screen_name": null}, {"id_str": "835514330510655489", "is_retweet": false, "text": "Join us at 11am EST for @POTUS Trump's Weekly Address: https://t.co/C0TY0EP6OH https://t.co/8W9mSEswNp", "source": "Twitter Web Client", "retweet_count": 0, "favorite_count": 0, "created_at": "Sat Feb 25 15:38:34 +0000 2017", "in_reply_to_screen_name": null}, {"id_str": "836232903755366403", "is_retweet": true, "text": "RT @Scavino45: .@POTUS @realDonaldTrump speaking to Governors &amp; Cabinet at the @WhiteHouse now. https://t.co/GU5x14rE1B", "source": "Twitter Web Client", "retweet_count": 167, "favorite_count": 0, "created_at": "Mon Feb 27 15:13:55 +0000 2017", "in_reply_to_screen_name": null}, {"id_str": "836322373364236295", "is_retweet": false, "text": "Everything you need to know about @POTUS Trump's #JointAddress to Congress tomorrow night: https://t.co/f8vajiulJ5 https://t.co/kc6w1AvF8E", "source": "Twitter Web Client", "retweet_count": 133, "favorite_count": 296, "created_at": "Mon Feb 27 21:09:26 +0000 2017", "in_reply_to_screen_name": null}, {"id_str": "836573848124411904", "is_retweet": true, "text": "RT @POTUS: Thank you to the great presidents of our #HBCUs for their commitment to higher education. Read more here: https://t.co/m2Adyvvu6\u2026", "source": "Twitter Web Client", "retweet_count": 3812, "favorite_count": 0, "created_at": "Tue Feb 28 13:48:42 +0000 2017", "in_reply_to_screen_name": null}, {"id_str": "836588575969923074", "is_retweet": false, "text": "Watch LIVE as @VP Pence participates in the swearing-in of the Secretary of @CommerceGov, Wilbur Ross:\u2026 https://t.co/WklFod8vSB", "source": "TweetDeck", "retweet_count": 41, "favorite_count": 120, "created_at": "Tue Feb 28 14:47:14 +0000 2017", "in_reply_to_screen_name": null}, {"id_str": "836630168085102592", "is_retweet": false, "text": "Don't forget to tune in tonight for @POTUS Trump's #JointAddress! https://t.co/xKui901gkk", "source": "Twitter Web Client", "retweet_count": 79, "favorite_count": 199, "created_at": "Tue Feb 28 17:32:30 +0000 2017", "in_reply_to_screen_name": null}, {"id_str": "836698180985184257", "is_retweet": false, "text": ".@POTUS Trump's #JointAddress begins at 9pm EST. One way to tune in: https://t.co/o7NLL4QBTr", "source": "Twitter Web Client", "retweet_count": 62, "favorite_count": 105, "created_at": "Tue Feb 28 22:02:46 +0000 2017", "in_reply_to_screen_name": null}, {"id_str": "836709399297150976", "is_retweet": false, "text": "Tune in LIVE tonight at 9pm EST for @POTUS Trump's #JointAddress: https://t.co/TFWe9JNfFZ https://t.co/4uOlQ2xrJ4", "source": "Twitter Web Client", "retweet_count": 69, "favorite_count": 154, "created_at": "Tue Feb 28 22:47:20 +0000 2017", "in_reply_to_screen_name": null}, {"id_str": "836757773199282177", "is_retweet": false, "text": "Tune in now! https://t.co/TFWe9JNfFZ #JointAddress https://t.co/m27jHmQnNo", "source": "Twitter Web Client", "retweet_count": 120, "favorite_count": 288, "created_at": "Wed Mar 01 01:59:33 +0000 2017", "in_reply_to_screen_name": null}, {"id_str": "836760999290093569", "is_retweet": true, "text": "RT @POTUS: A surge of optimism is placing impossible dreams firmly within our grasp. What we are witnessing today is the Renewal of the #Am\u2026", "source": "TweetDeck", "retweet_count": 611, "favorite_count": 0, "created_at": "Wed Mar 01 02:12:23 +0000 2017", "in_reply_to_screen_name": null}, {"id_str": "836760929215918081", "is_retweet": false, "text": "This is the #AmericanSpirit. #JointAddress https://t.co/OgllGrPTe9", "source": "TweetDeck", "retweet_count": 353, "favorite_count": 1221, "created_at": "Wed Mar 01 02:12:06 +0000 2017", "in_reply_to_screen_name": null}, {"id_str": "836760695052062721", "is_retweet": true, "text": "RT @POTUS: We are a country that stands united in condemning hate and evil in all of its very ugly forms. #JointAddress", "source": "TweetDeck", "retweet_count": 1068, "favorite_count": 0, "created_at": "Wed Mar 01 02:11:10 +0000 2017", "in_reply_to_screen_name": null}, {"id_str": "836762409515638784", "is_retweet": false, "text": "\"We have begun to #DrainTheSwamp of government corruption...\" #JointAddress https://t.co/8TP9EOebkC", "source": "Media Studio", "retweet_count": 111, "favorite_count": 279, "created_at": "Wed Mar 01 02:17:59 +0000 2017", "in_reply_to_screen_name": null}, {"id_str": "836762177574883331", "is_retweet": false, "text": "#JointAddress https://t.co/INyKLcAhSe", "source": "TweetDeck", "retweet_count": 141, "favorite_count": 323, "created_at": "Wed Mar 01 02:17:04 +0000 2017", "in_reply_to_screen_name": null}, {"id_str": "836763848858284032", "is_retweet": true, "text": "RT @POTUS: My Administration has answered the pleas of the American people for immigration enforcement and border security. #JointAddress", "source": "TweetDeck", "retweet_count": 298, "favorite_count": 0, "created_at": "Wed Mar 01 02:23:42 +0000 2017", "in_reply_to_screen_name": null}, {"id_str": "836763315384766466", "is_retweet": true, "text": "RT @POTUS: I have issued a new directive that American pipelines must be made with American steel. #JointAddress #AmericanSpirit", "source": "TweetDeck", "retweet_count": 739, "favorite_count": 0, "created_at": "Wed Mar 01 02:21:35 +0000 2017", "in_reply_to_screen_name": null}, {"id_str": "836762873594511361", "is_retweet": false, "text": "Fighting for American Workers #JointAddress #AmericanSpirit https://t.co/jwh7SgW7Og", "source": "TweetDeck", "retweet_count": 534, "favorite_count": 1669, "created_at": "Wed Mar 01 02:19:50 +0000 2017", "in_reply_to_screen_name": null}, {"id_str": "836764701371600897", "is_retweet": false, "text": "#JointAddress https://t.co/HrWtTQ461F", "source": "Twitter Web Client", "retweet_count": 162, "favorite_count": 405, "created_at": "Wed Mar 01 02:27:05 +0000 2017", "in_reply_to_screen_name": null}, {"id_str": "836766112503185408", "is_retweet": false, "text": "#JointAddress #AmericanSpirit https://t.co/PEH6aRy0ao", "source": "TweetDeck", "retweet_count": 143, "favorite_count": 462, "created_at": "Wed Mar 01 02:32:42 +0000 2017", "in_reply_to_screen_name": null}, {"id_str": "836765540232359936", "is_retweet": false, "text": "\"Antonin Scalia will forever be a symbol of American Justice.\" #JointAddress #AmericanSpirit https://t.co/DTivcDjm9n", "source": "Twitter Web Client", "retweet_count": 218, "favorite_count": 710, "created_at": "Wed Mar 01 02:30:25 +0000 2017", "in_reply_to_screen_name": null}, {"id_str": "836767023644438528", "is_retweet": false, "text": "\"I am not going to let America be taken advantage of anymore.\" #JointAddress https://t.co/rHTD2onC4C", "source": "TweetDeck", "retweet_count": 317, "favorite_count": 952, "created_at": "Wed Mar 01 02:36:19 +0000 2017", "in_reply_to_screen_name": null}, {"id_str": "836768647838322690", "is_retweet": true, "text": "RT @POTUS: We must ensure that Americans with pre-existing conditions have access to coverage. #JointAddress", "source": "TweetDeck", "retweet_count": 499, "favorite_count": 0, "created_at": "Wed Mar 01 02:42:46 +0000 2017", "in_reply_to_screen_name": null}, {"id_str": "836768477755113474", "is_retweet": true, "text": "RT @POTUS: Obamacare is collapsing \u2013 and we must act decisively to protect all Americans. Action is not a choice, it is a necessity. #Joint\u2026", "source": "TweetDeck", "retweet_count": 712, "favorite_count": 0, "created_at": "Wed Mar 01 02:42:06 +0000 2017", "in_reply_to_screen_name": null}, {"id_str": "836768187358330882", "is_retweet": false, "text": "\"REPEAL and REPLACE Obamacare\" #JointAddress https://t.co/1xWAebxino", "source": "TweetDeck", "retweet_count": 262, "favorite_count": 785, "created_at": "Wed Mar 01 02:40:56 +0000 2017", "in_reply_to_screen_name": null}, {"id_str": "836767839289761792", "is_retweet": false, "text": "\"Buy American, and hire American!\" #JointAddress https://t.co/ZeB36qavee", "source": "TweetDeck", "retweet_count": 328, "favorite_count": 970, "created_at": "Wed Mar 01 02:39:33 +0000 2017", "in_reply_to_screen_name": null}, {"id_str": "836770014518784001", "is_retweet": true, "text": "RT @PressSec: Today is #RareDiseaseDay and @POTUS welcomes survivor Megan Crowley #JointAddress", "source": "TweetDeck", "retweet_count": 189, "favorite_count": 0, "created_at": "Wed Mar 01 02:48:12 +0000 2017", "in_reply_to_screen_name": null}, {"id_str": "836769762218819584", "is_retweet": false, "text": "\"...to make childcare accessible and more affordable.\" #JointAddress #AmericanSpirit https://t.co/sZS81P7ar3", "source": "TweetDeck", "retweet_count": 120, "favorite_count": 392, "created_at": "Wed Mar 01 02:47:12 +0000 2017", "in_reply_to_screen_name": null}, {"id_str": "836769439970390017", "is_retweet": false, "text": "\"Our citizens deserve this, and so much more - so why not join forces to finally get it done?\" #JointAddress https://t.co/rGWd4yyvFJ", "source": "TweetDeck", "retweet_count": 506, "favorite_count": 1309, "created_at": "Wed Mar 01 02:45:55 +0000 2017", "in_reply_to_screen_name": null}, {"id_str": "836771292451864576", "is_retweet": false, "text": "#JointAddress #AmericanSpirit https://t.co/GzRoTuIOGs", "source": "TweetDeck", "retweet_count": 49, "favorite_count": 97, "created_at": "Wed Mar 01 02:53:17 +0000 2017", "in_reply_to_screen_name": null}, {"id_str": "836771117457108993", "is_retweet": false, "text": "\"EVERY American child...\" #JointAddress #AmericanSpirit https://t.co/VbGM87EuRI", "source": "TweetDeck", "retweet_count": 108, "favorite_count": 324, "created_at": "Wed Mar 01 02:52:35 +0000 2017", "in_reply_to_screen_name": null}, {"id_str": "836770510344171520", "is_retweet": true, "text": "RT @POTUS: Education is the civil rights issue of our time. I am calling for an education bill that funds school choice for disadvantaged y\u2026", "source": "TweetDeck", "retweet_count": 955, "favorite_count": 0, "created_at": "Wed Mar 01 02:50:10 +0000 2017", "in_reply_to_screen_name": null}, {"id_str": "836772510066741248", "is_retweet": false, "text": "\"I am sending the Congress a budget that rebuilds the military...\" #JointAddress #AmericanSpirit https://t.co/eZHuzpnhxA", "source": "TweetDeck", "retweet_count": 61, "favorite_count": 182, "created_at": "Wed Mar 01 02:58:07 +0000 2017", "in_reply_to_screen_name": null}, {"id_str": "836772130280845312", "is_retweet": true, "text": "RT @POTUS: We must provide the men and women of the U.S. Military with the tools they need to prevent war and \u2013 if they must \u2013 TO FIGHT AND\u2026", "source": "TweetDeck", "retweet_count": 949, "favorite_count": 0, "created_at": "Wed Mar 01 02:56:36 +0000 2017", "in_reply_to_screen_name": null}, {"id_str": "836773767468761090", "is_retweet": true, "text": "RT @PressSec: .@POTUS honors to service and sacrifice of Navy SEAL Chief Ryan Owens #JointAddress", "source": "TweetDeck", "retweet_count": 559, "favorite_count": 0, "created_at": "Wed Mar 01 03:03:07 +0000 2017", "in_reply_to_screen_name": null}, {"id_str": "836773728189046786", "is_retweet": false, "text": "\"And NONE are greater or braver than those who fight for America in uniform.\" #JointAddress #AmericanSpirit https://t.co/beX3JackEM", "source": "TweetDeck", "retweet_count": 205, "favorite_count": 531, "created_at": "Wed Mar 01 03:02:57 +0000 2017", "in_reply_to_screen_name": null}, {"id_str": "836773041514373126", "is_retweet": true, "text": "RT @POTUS: Ryan\u2019s legacy is etched into eternity. #AmericanSpirit", "source": "TweetDeck", "retweet_count": 1738, "favorite_count": 0, "created_at": "Wed Mar 01 03:00:14 +0000 2017", "in_reply_to_screen_name": null}, {"id_str": "836772773624229888", "is_retweet": false, "text": "\"... we MUST deliver for them.\" #JointAddress #AmericanSpirit https://t.co/5xSMGALBGA", "source": "TweetDeck", "retweet_count": 312, "favorite_count": 972, "created_at": "Wed Mar 01 02:59:10 +0000 2017", "in_reply_to_screen_name": null}, {"id_str": "836775244903895042", "is_retweet": true, "text": "RT @POTUS: We are one people, with one destiny.\n\nWe all bleed the same blood.\n\nWe all salute the same flag.\n\nAnd we are all made by the sam\u2026", "source": "TweetDeck", "retweet_count": 1505, "favorite_count": 0, "created_at": "Wed Mar 01 03:08:59 +0000 2017", "in_reply_to_screen_name": null}, {"id_str": "836775216957227012", "is_retweet": false, "text": "\"... and jobs where Americans prosper and grow - are not too much to ask.\" #JointAddress #AmericanSpirit https://t.co/flnaY3DbPr", "source": "TweetDeck", "retweet_count": 42, "favorite_count": 90, "created_at": "Wed Mar 01 03:08:52 +0000 2017", "in_reply_to_screen_name": null}, {"id_str": "836774738034896897", "is_retweet": true, "text": "RT @POTUS: Think of the marvels we can achieve if we simply set free the dreams of our people. #AmericanSpirit #JointAddress", "source": "TweetDeck", "retweet_count": 752, "favorite_count": 0, "created_at": "Wed Mar 01 03:06:58 +0000 2017", "in_reply_to_screen_name": null}, {"id_str": "836774366327226368", "is_retweet": true, "text": "RT @POTUS: We want harmony and stability, not war and conflict. We want peace, wherever peace can be found. #JointAddress #AmericanSpirit", "source": "TweetDeck", "retweet_count": 1000, "favorite_count": 0, "created_at": "Wed Mar 01 03:05:30 +0000 2017", "in_reply_to_screen_name": null}, {"id_str": "836776343014682624", "is_retweet": false, "text": "\"And believe, once more, in AMERICA.\" #JointAddress #AmericanSpirit https://t.co/Mm1HBAtKMl", "source": "TweetDeck", "retweet_count": 78, "favorite_count": 219, "created_at": "Wed Mar 01 03:13:21 +0000 2017", "in_reply_to_screen_name": null}, {"id_str": "836775787638452224", "is_retweet": false, "text": "#JointAddress #AmericanSpirit https://t.co/7Gm3IhNEqm", "source": "TweetDeck", "retweet_count": 306, "favorite_count": 782, "created_at": "Wed Mar 01 03:11:08 +0000 2017", "in_reply_to_screen_name": null}, {"id_str": "836775359785881600", "is_retweet": true, "text": "RT @POTUS: I am asking all citizens to embrace this Renewal of the #AmericanSpirit. #JointAddress", "source": "TweetDeck", "retweet_count": 1379, "favorite_count": 0, "created_at": "Wed Mar 01 03:09:26 +0000 2017", "in_reply_to_screen_name": null}, {"id_str": "836780167418769410", "is_retweet": true, "text": "RT @SenJohnThune: Tonight @POTUS highlighted his continued focus on tackling the issues that matter most to Americans. #JointSession https:\u2026", "source": "Twitter Web Client", "retweet_count": 21, "favorite_count": 0, "created_at": "Wed Mar 01 03:28:33 +0000 2017", "in_reply_to_screen_name": null}, {"id_str": "836780027136061440", "is_retweet": true, "text": "RT @SenOrrinHatch: VIDEO: Hatch reacts to @POTUS's #JointSession address. #tcot #utpol https://t.co/LV4GsTMHYe", "source": "TweetDeck", "retweet_count": 33, "favorite_count": 0, "created_at": "Wed Mar 01 03:27:59 +0000 2017", "in_reply_to_screen_name": null}, {"id_str": "836782092935639040", "is_retweet": false, "text": ".@RepBost on tonight's #JointAddress https://t.co/aQSPOjLzpL", "source": "TweetDeck", "retweet_count": 76, "favorite_count": 347, "created_at": "Wed Mar 01 03:36:12 +0000 2017", "in_reply_to_screen_name": null}, {"id_str": "836781765872267264", "is_retweet": false, "text": ".@sendavidperdue on tonight's #JointAddress https://t.co/4Ls0IHhBK5", "source": "TweetDeck", "retweet_count": 127, "favorite_count": 518, "created_at": "Wed Mar 01 03:34:54 +0000 2017", "in_reply_to_screen_name": null}, {"id_str": "836781622594785280", "is_retweet": true, "text": "RT @SenThadCochran: .@POTUS brings new energy to American leadership, offers challenging agenda to make USA stronger. #JointAddress https:/\u2026", "source": "TweetDeck", "retweet_count": 74, "favorite_count": 0, "created_at": "Wed Mar 01 03:34:20 +0000 2017", "in_reply_to_screen_name": null}, {"id_str": "836783837652873216", "is_retweet": false, "text": ".@JudgeCarter on tonight's #JointAddress https://t.co/YxubXsVkZv", "source": "TweetDeck", "retweet_count": 44, "favorite_count": 119, "created_at": "Wed Mar 01 03:43:08 +0000 2017", "in_reply_to_screen_name": null}, {"id_str": "836783102722719746", "is_retweet": false, "text": ".@RepAndyBiggsAZ on tonight's #JointAddress https://t.co/hhuCuWWQGb", "source": "TweetDeck", "retweet_count": 97, "favorite_count": 371, "created_at": "Wed Mar 01 03:40:13 +0000 2017", "in_reply_to_screen_name": null}, {"id_str": "836784906776817664", "is_retweet": false, "text": ".@RepAlexMooney on tonight's #JointAddress https://t.co/MMfzsCuLgx", "source": "TweetDeck", "retweet_count": 68, "favorite_count": 187, "created_at": "Wed Mar 01 03:47:23 +0000 2017", "in_reply_to_screen_name": null}, {"id_str": "836784317279924224", "is_retweet": false, "text": ".@RepGosar on tonight's #JointAddress https://t.co/u307UPAxZy", "source": "TweetDeck", "retweet_count": 110, "favorite_count": 385, "created_at": "Wed Mar 01 03:45:02 +0000 2017", "in_reply_to_screen_name": null}, {"id_str": "836786221464584194", "is_retweet": false, "text": ".@JimPressOffice on tonight's #JointAddress https://t.co/Q11nYRd2pE", "source": "TweetDeck", "retweet_count": 51, "favorite_count": 200, "created_at": "Wed Mar 01 03:52:36 +0000 2017", "in_reply_to_screen_name": null}, {"id_str": "836785528280350721", "is_retweet": false, "text": ".@SpeakerRyan on tonight's #JointAddress https://t.co/arTrMgaYR0", "source": "TweetDeck", "retweet_count": 249, "favorite_count": 970, "created_at": "Wed Mar 01 03:49:51 +0000 2017", "in_reply_to_screen_name": null}, {"id_str": "836785342770528256", "is_retweet": false, "text": ".@DrPhilRoe on tonight's #JointAddress https://t.co/EoUkM64WzV", "source": "TweetDeck", "retweet_count": 158, "favorite_count": 648, "created_at": "Wed Mar 01 03:49:07 +0000 2017", "in_reply_to_screen_name": null}, {"id_str": "836787773164126209", "is_retweet": false, "text": ".@SenatorIsakson on tonight's #JointAddress https://t.co/LsB5nltXJn", "source": "TweetDeck", "retweet_count": 0, "favorite_count": 0, "created_at": "Wed Mar 01 03:58:46 +0000 2017", "in_reply_to_screen_name": null}, {"id_str": "836787066042265602", "is_retweet": false, "text": ".@RepByrne on tonight's #JointAddress https://t.co/NwMKE9damW", "source": "TweetDeck", "retweet_count": 114, "favorite_count": 438, "created_at": "Wed Mar 01 03:55:57 +0000 2017", "in_reply_to_screen_name": null}, {"id_str": "836786662810210305", "is_retweet": false, "text": ".@RepDianeBlack on tonight's #JointAddress https://t.co/SzIw4GlIu3", "source": "TweetDeck", "retweet_count": 151, "favorite_count": 650, "created_at": "Wed Mar 01 03:54:21 +0000 2017", "in_reply_to_screen_name": null}, {"id_str": "836788206762881024", "is_retweet": false, "text": ".@RepMcKinley on tonight's #JointAddress https://t.co/xAdT6JNgI0", "source": "TweetDeck", "retweet_count": 80, "favorite_count": 367, "created_at": "Wed Mar 01 04:00:29 +0000 2017", "in_reply_to_screen_name": null}, {"id_str": "836789193200267269", "is_retweet": false, "text": ".@RepFredUpton on tonight's #JointAddress https://t.co/FYpjHqAgZI", "source": "TweetDeck", "retweet_count": 109, "favorite_count": 492, "created_at": "Wed Mar 01 04:04:25 +0000 2017", "in_reply_to_screen_name": null}, {"id_str": "836791307884462080", "is_retweet": false, "text": ".@SenCapito on tonight's #JointAddress https://t.co/FcYnNheGVG", "source": "TweetDeck", "retweet_count": 48, "favorite_count": 122, "created_at": "Wed Mar 01 04:12:49 +0000 2017", "in_reply_to_screen_name": null}, {"id_str": "836791104121024512", "is_retweet": true, "text": "RT @Reince45: .@POTUS delivered an exceptionally inspiring speech in tonight's #JointAddress. It's an honor to witness such a historic mome\u2026", "source": "TweetDeck", "retweet_count": 109, "favorite_count": 0, "created_at": "Wed Mar 01 04:12:00 +0000 2017", "in_reply_to_screen_name": null}, {"id_str": "836790338912137216", "is_retweet": false, "text": ".@virginiafoxx on tonight's #JointAddress https://t.co/aNxbWuj3VM", "source": "TweetDeck", "retweet_count": 114, "favorite_count": 487, "created_at": "Wed Mar 01 04:08:58 +0000 2017", "in_reply_to_screen_name": null}, {"id_str": "836794907855552518", "is_retweet": false, "text": ".@RepGoodlatte on tonight's #JointAddress https://t.co/E7Tsot2mpa", "source": "TweetDeck", "retweet_count": 52, "favorite_count": 190, "created_at": "Wed Mar 01 04:27:07 +0000 2017", "in_reply_to_screen_name": null}, {"id_str": "836794688065667072", "is_retweet": false, "text": ".@PatrickMcHenry on tonight's #JointAddress https://t.co/d89Dx682Mn", "source": "TweetDeck", "retweet_count": 76, "favorite_count": 256, "created_at": "Wed Mar 01 04:26:15 +0000 2017", "in_reply_to_screen_name": null}, {"id_str": "836796167983857664", "is_retweet": false, "text": ".@DrNealDunnFL2 on tonight's #JointAddress https://t.co/1pzjYNQI3f", "source": "TweetDeck", "retweet_count": 50, "favorite_count": 169, "created_at": "Wed Mar 01 04:32:08 +0000 2017", "in_reply_to_screen_name": null}, {"id_str": "836795557620428800", "is_retweet": false, "text": ".@RepBillShuster on tonight's #JointAddress https://t.co/r8nGKSPTwL", "source": "TweetDeck", "retweet_count": 92, "favorite_count": 292, "created_at": "Wed Mar 01 04:29:42 +0000 2017", "in_reply_to_screen_name": null}, {"id_str": "836797707956125700", "is_retweet": true, "text": "RT @SenPatRoberts: I gave my thoughts on @POTUS' #JointAddress tonight. Watch here: https://t.co/zPgBZRGWdJ", "source": "TweetDeck", "retweet_count": 14, "favorite_count": 0, "created_at": "Wed Mar 01 04:38:15 +0000 2017", "in_reply_to_screen_name": null}, {"id_str": "836798277601361922", "is_retweet": true, "text": "RT @cathymcmorris: Tonight, I'm reminded that @POTUS is a man of action. Read my full statement here: https://t.co/varBNZPr5Y #Jointsession", "source": "Twitter Web Client", "retweet_count": 60, "favorite_count": 0, "created_at": "Wed Mar 01 04:40:30 +0000 2017", "in_reply_to_screen_name": null}, {"id_str": "836797823865729024", "is_retweet": true, "text": "RT @MikeCrapo: My response to @POTUS #JointAddress to Congress tonight. https://t.co/SKHo6u51KS", "source": "TweetDeck", "retweet_count": 65, "favorite_count": 0, "created_at": "Wed Mar 01 04:38:42 +0000 2017", "in_reply_to_screen_name": null}, {"id_str": "836800338925600768", "is_retweet": true, "text": "RT @senrobportman: My reaction to #POTUS's #JointAddress: https://t.co/6nOhVvsm7l", "source": "TweetDeck", "retweet_count": 19, "favorite_count": 0, "created_at": "Wed Mar 01 04:48:42 +0000 2017", "in_reply_to_screen_name": null}, {"id_str": "836799923043586048", "is_retweet": true, "text": "RT @RepGusBilirakis: The President's #JointAddress was uplifting &amp; unifying. He reached out to both parties to work together for the good o\u2026", "source": "TweetDeck", "retweet_count": 33, "favorite_count": 0, "created_at": "Wed Mar 01 04:47:03 +0000 2017", "in_reply_to_screen_name": null}, {"id_str": "836799682324094976", "is_retweet": false, "text": ".@RepSteveChabot on tonight's #JointAddress https://t.co/X2kwtTF1Ah", "source": "TweetDeck", "retweet_count": 58, "favorite_count": 187, "created_at": "Wed Mar 01 04:46:05 +0000 2017", "in_reply_to_screen_name": null}, {"id_str": "836799220225048576", "is_retweet": false, "text": ".@RepKenMarchant on tonight's #JointAddress https://t.co/uQwYD3ASKC", "source": "TweetDeck", "retweet_count": 91, "favorite_count": 314, "created_at": "Wed Mar 01 04:44:15 +0000 2017", "in_reply_to_screen_name": null}, {"id_str": "836801670394830852", "is_retweet": false, "text": ".@RepJoeWilson on tonight's #JointAddress https://t.co/6yDyHJx1tn", "source": "TweetDeck", "retweet_count": 1, "favorite_count": 0, "created_at": "Wed Mar 01 04:53:59 +0000 2017", "in_reply_to_screen_name": null}, {"id_str": "836801298049732609", "is_retweet": false, "text": ".@RogerMarshallMD on tonight's #JointAddress https://t.co/BwdXnCP37k", "source": "TweetDeck", "retweet_count": 54, "favorite_count": 161, "created_at": "Wed Mar 01 04:52:31 +0000 2017", "in_reply_to_screen_name": null}, {"id_str": "836800626126389253", "is_retweet": false, "text": ".@RoyBlunt on tonight's #JointAddress https://t.co/bH9ELR0zeF", "source": "TweetDeck", "retweet_count": 91, "favorite_count": 326, "created_at": "Wed Mar 01 04:49:50 +0000 2017", "in_reply_to_screen_name": null}, {"id_str": "836802696699064321", "is_retweet": false, "text": ".@RepDonBacon on tonight's #JointAddress https://t.co/GixdaWz1Rb", "source": "TweetDeck", "retweet_count": 29, "favorite_count": 76, "created_at": "Wed Mar 01 04:58:04 +0000 2017", "in_reply_to_screen_name": null}, {"id_str": "836802404284780545", "is_retweet": false, "text": ".@JerryMoran on tonight's #JointAddress https://t.co/Yc8uqCD8fz", "source": "TweetDeck", "retweet_count": 48, "favorite_count": 143, "created_at": "Wed Mar 01 04:56:54 +0000 2017", "in_reply_to_screen_name": null}, {"id_str": "836803697950732288", "is_retweet": false, "text": ".@RepRichHudson on tonight's #JointAddress https://t.co/LglqbZxXd6", "source": "TweetDeck", "retweet_count": 55, "favorite_count": 143, "created_at": "Wed Mar 01 05:02:03 +0000 2017", "in_reply_to_screen_name": null}, {"id_str": "836805030552432640", "is_retweet": false, "text": ".@SenatorWicker on tonight's #JointAddress https://t.co/r3cyRfSf2B", "source": "TweetDeck", "retweet_count": 38, "favorite_count": 92, "created_at": "Wed Mar 01 05:07:21 +0000 2017", "in_reply_to_screen_name": null}, {"id_str": "836804709772115971", "is_retweet": true, "text": "RT @lisamurkowski: Tonight\u2019s #JointAddress was a much-needed opportunity for @POTUS to outline his plans &amp; vision for the future: https://t\u2026", "source": "TweetDeck", "retweet_count": 34, "favorite_count": 0, "created_at": "Wed Mar 01 05:06:04 +0000 2017", "in_reply_to_screen_name": null}, {"id_str": "836807512003325954", "is_retweet": false, "text": ".@RepLarryBucshon on tonight's #JointAddress https://t.co/cseLMlLrBQ", "source": "TweetDeck", "retweet_count": 32, "favorite_count": 110, "created_at": "Wed Mar 01 05:17:12 +0000 2017", "in_reply_to_screen_name": null}, {"id_str": "836806882186702848", "is_retweet": false, "text": ".@repbuddycarter on tonight's #JointAddress https://t.co/BDLFVNK0N9", "source": "TweetDeck", "retweet_count": 68, "favorite_count": 205, "created_at": "Wed Mar 01 05:14:42 +0000 2017", "in_reply_to_screen_name": null}, {"id_str": "836808125059588096", "is_retweet": false, "text": ".@RepDavidKustoff on tonight's #JointAddress https://t.co/kfDIYhcD5w", "source": "TweetDeck", "retweet_count": 69, "favorite_count": 259, "created_at": "Wed Mar 01 05:19:38 +0000 2017", "in_reply_to_screen_name": null}, {"id_str": "836944463842918400", "is_retweet": false, "text": ".@RepJeffDuncan on last night's #JointAddress https://t.co/BMJCYGO9ta", "source": "TweetDeck", "retweet_count": 58, "favorite_count": 201, "created_at": "Wed Mar 01 14:21:24 +0000 2017", "in_reply_to_screen_name": null}, {"id_str": "836944181985705985", "is_retweet": false, "text": ".@KenCalvert on last night's #JointAddress https://t.co/LCujVwqxnJ", "source": "TweetDeck", "retweet_count": 64, "favorite_count": 207, "created_at": "Wed Mar 01 14:20:17 +0000 2017", "in_reply_to_screen_name": null}, {"id_str": "836943885280677891", "is_retweet": false, "text": ".@SteveDaines on last night's #JointAddress https://t.co/Kr5eehZPSb", "source": "TweetDeck", "retweet_count": 92, "favorite_count": 268, "created_at": "Wed Mar 01 14:19:06 +0000 2017", "in_reply_to_screen_name": null}, {"id_str": "836947471288909826", "is_retweet": false, "text": ".@SenMajLeader on last night's #JointAddress https://t.co/q5XVyO09x4", "source": "TweetDeck", "retweet_count": 11, "favorite_count": 29, "created_at": "Wed Mar 01 14:33:21 +0000 2017", "in_reply_to_screen_name": null}, {"id_str": "836954790160699394", "is_retweet": false, "text": ".@RepKenBuck on last night's #JointAddress https://t.co/2km9jpt0fg", "source": "TweetDeck", "retweet_count": 31, "favorite_count": 121, "created_at": "Wed Mar 01 15:02:26 +0000 2017", "in_reply_to_screen_name": null}, {"id_str": "836955353774436352", "is_retweet": false, "text": ".@RepHultgren on last night's #JointAddress https://t.co/4gBHwhVkEg", "source": "TweetDeck", "retweet_count": 61, "favorite_count": 194, "created_at": "Wed Mar 01 15:04:40 +0000 2017", "in_reply_to_screen_name": null}, {"id_str": "836969368592474112", "is_retweet": false, "text": ".@BillCassidy on last night's #JointAddress https://t.co/s59ujZelNg", "source": "TweetDeck", "retweet_count": 45, "favorite_count": 177, "created_at": "Wed Mar 01 16:00:22 +0000 2017", "in_reply_to_screen_name": null}, {"id_str": "836972052376653826", "is_retweet": false, "text": ".@RepSeanDuffy on last night's #JointAddress https://t.co/tVq6e3kZWc", "source": "TweetDeck", "retweet_count": 65, "favorite_count": 239, "created_at": "Wed Mar 01 16:11:02 +0000 2017", "in_reply_to_screen_name": null}, {"id_str": "836987176546074624", "is_retweet": false, "text": ".@RepTomEmmer on last night's #JointAddress https://t.co/7esnnStwEf", "source": "TweetDeck", "retweet_count": 51, "favorite_count": 174, "created_at": "Wed Mar 01 17:11:08 +0000 2017", "in_reply_to_screen_name": null}, {"id_str": "836988981392867328", "is_retweet": false, "text": ".@CongressmanHice on last night's #JointAddress https://t.co/VBsU7MRHff", "source": "TweetDeck", "retweet_count": 12, "favorite_count": 30, "created_at": "Wed Mar 01 17:18:18 +0000 2017", "in_reply_to_screen_name": null}, {"id_str": "836988459877351425", "is_retweet": false, "text": ".@DrPhilRoe on last night's #JointAddress https://t.co/YcGw3EeDvD", "source": "TweetDeck", "retweet_count": 48, "favorite_count": 200, "created_at": "Wed Mar 01 17:16:13 +0000 2017", "in_reply_to_screen_name": null}, {"id_str": "836995276074266626", "is_retweet": false, "text": ".@RepEvanJenkins on last night's #JointAddress https://t.co/qVlFxVoXyV", "source": "TweetDeck", "retweet_count": 12, "favorite_count": 32, "created_at": "Wed Mar 01 17:43:19 +0000 2017", "in_reply_to_screen_name": null}, {"id_str": "836996086606807046", "is_retweet": false, "text": ".@RepTomMarino on last night's #JointAddress https://t.co/dNQtiKzpEB", "source": "TweetDeck", "retweet_count": 38, "favorite_count": 171, "created_at": "Wed Mar 01 17:46:32 +0000 2017", "in_reply_to_screen_name": null}, {"id_str": "836995550885064704", "is_retweet": false, "text": ".@RepKevinBrady on last night's #JointAddress https://t.co/u3a5qlAYS1", "source": "TweetDeck", "retweet_count": 70, "favorite_count": 244, "created_at": "Wed Mar 01 17:44:24 +0000 2017", "in_reply_to_screen_name": null}, {"id_str": "836998070009155584", "is_retweet": false, "text": "ICYMI: Watch @POTUS Trump's #JointAddress to Congress https://t.co/zT56mxV2St", "source": "SnappyTV.com", "retweet_count": 111, "favorite_count": 306, "created_at": "Wed Mar 01 17:54:25 +0000 2017", "in_reply_to_screen_name": null}, {"id_str": "837056933777534983", "is_retweet": false, "text": "Meet the special guests that attended @POTUS Trump's #JointAddress: https://t.co/LZzhmbilf1", "source": "TweetDeck", "retweet_count": 24, "favorite_count": 43, "created_at": "Wed Mar 01 21:48:19 +0000 2017", "in_reply_to_screen_name": null}]