[{"id_str": "826073779029827584", "is_retweet": true, "text": "RT @realDonaldTrump: Where was all the outrage from Democrats and the opposition party (the media) when our jobs were fleeing our country?", "source": "Twitter for iPhone", "retweet_count": 33287, "favorite_count": 0, "created_at": "Mon Jan 30 14:25:11 +0000 2017", "in_reply_to_screen_name": null}, {"id_str": "828955104082526208", "is_retweet": false, "text": "Senate Dems protest to keep the failed status quo. Betsy DeVos is a reformer, and she is going to be a great Education Sec. for our kids!", "source": "Twitter for iPhone", "retweet_count": 8929, "favorite_count": 43450, "created_at": "Tue Feb 07 13:14:32 +0000 2017", "in_reply_to_screen_name": null}, {"id_str": "828032285647761409", "is_retweet": true, "text": "RT @realDonaldTrump: MAKE AMERICA GREAT AGAIN!", "source": "Twitter for iPhone", "retweet_count": 67550, "favorite_count": 0, "created_at": "Sun Feb 05 00:07:35 +0000 2017", "in_reply_to_screen_name": null}, {"id_str": "834826008868040704", "is_retweet": true, "text": "RT @VP: We hosted some of the country\u2019s largest manufacturers for small working group sessions to discuss the need to boost job creation in\u2026", "source": "Twitter for iPhone", "retweet_count": 3461, "favorite_count": 0, "created_at": "Thu Feb 23 18:03:25 +0000 2017", "in_reply_to_screen_name": null}, {"id_str": "825187398644547584", "is_retweet": false, "text": "I will be America's greatest defender and most loyal champion. -DJT https://t.co/wukJ6YqvLu", "source": "Twitter for iPhone", "retweet_count": 10483, "favorite_count": 48328, "created_at": "Sat Jan 28 03:43:01 +0000 2017", "in_reply_to_screen_name": null}, {"id_str": "829524479193788416", "is_retweet": true, "text": "RT @SenateMajLdr: The Senate just confirmed @SenatorSessions as our Attorney General. @POTUS made an excellent choice, and our nation will\u2026", "source": "Twitter for iPhone", "retweet_count": 3780, "favorite_count": 0, "created_at": "Thu Feb 09 02:57:02 +0000 2017", "in_reply_to_screen_name": null}, {"id_str": "827653502117765122", "is_retweet": false, "text": ".@VP Pence on the #economy: https://t.co/3sZaoWh3au", "source": "Twitter for iPhone", "retweet_count": 4391, "favorite_count": 20745, "created_at": "Fri Feb 03 23:02:26 +0000 2017", "in_reply_to_screen_name": null}, {"id_str": "823939474430328832", "is_retweet": true, "text": "RT @realDonaldTrump: Great meeting with automobile industry leaders at the @WhiteHouse this morning. Together, we will #MAGA! https://t.co/\u2026", "source": "Twitter for iPhone", "retweet_count": 16604, "favorite_count": 0, "created_at": "Tue Jan 24 17:04:13 +0000 2017", "in_reply_to_screen_name": null}, {"id_str": "825101348802789376", "is_retweet": true, "text": "RT @realDonaldTrump: Congratulations Secretary Mattis! https://t.co/mkuhbegzqS", "source": "Twitter for iPhone", "retweet_count": 19375, "favorite_count": 0, "created_at": "Fri Jan 27 22:01:05 +0000 2017", "in_reply_to_screen_name": null}, {"id_str": "825076062417723392", "is_retweet": true, "text": "RT @realDonaldTrump: Statement on International Holocaust Remembrance Day: https://t.co/KjU0MOxCHk", "source": "Twitter for iPhone", "retweet_count": 10875, "favorite_count": 0, "created_at": "Fri Jan 27 20:20:37 +0000 2017", "in_reply_to_screen_name": null}, {"id_str": "824766185501757440", "is_retweet": false, "text": "'President Trump Releases National School Choice Week Proclamation'\nhttps://t.co/BUbZ4D1umR", "source": "Twitter for iPhone", "retweet_count": 4674, "favorite_count": 16744, "created_at": "Thu Jan 26 23:49:16 +0000 2017", "in_reply_to_screen_name": null}, {"id_str": "827485910858096640", "is_retweet": true, "text": "RT @realDonaldTrump: Thank you to Prime Minister of Australia for telling the truth about our very civil conversation that FAKE NEWS media\u2026", "source": "Twitter for iPhone", "retweet_count": 33281, "favorite_count": 0, "created_at": "Fri Feb 03 11:56:29 +0000 2017", "in_reply_to_screen_name": null}, {"id_str": "822631230944460801", "is_retweet": false, "text": "January 20th 2017, will be remembered as the day the people became the rulers of this nation again!\u2026 https://t.co/xb9o2g6dP3", "source": "Twitter for iPhone", "retweet_count": 23604, "favorite_count": 96914, "created_at": "Sat Jan 21 02:25:43 +0000 2017", "in_reply_to_screen_name": null}, {"id_str": "826593262743986181", "is_retweet": false, "text": "Join me live from the @WhiteHouse as I announce my nomination for United States Supreme Court Justice.\u2026 https://t.co/mrcsCu7VhP", "source": "Twitter for iPhone", "retweet_count": 3125, "favorite_count": 17508, "created_at": "Wed Feb 01 00:49:25 +0000 2017", "in_reply_to_screen_name": null}, {"id_str": "825518176041566208", "is_retweet": true, "text": "RT @VP: Welcomed my good friend Governor @EricGreitens to the White House today. He is doing a great job for the people of Missouri. https:\u2026", "source": "Twitter for iPhone", "retweet_count": 4362, "favorite_count": 0, "created_at": "Sun Jan 29 01:37:25 +0000 2017", "in_reply_to_screen_name": null}, {"id_str": "824268525862879232", "is_retweet": false, "text": "Great! #Dow20K https://t.co/wXFhXBLgag", "source": "Twitter for iPhone", "retweet_count": 11325, "favorite_count": 44085, "created_at": "Wed Jan 25 14:51:45 +0000 2017", "in_reply_to_screen_name": null}, {"id_str": "829198197180473350", "is_retweet": false, "text": "Our thoughts and prayers are with everyone in southeastern Louisiana affected by today's severe tornadoes.", "source": "Twitter for iPhone", "retweet_count": 9450, "favorite_count": 55151, "created_at": "Wed Feb 08 05:20:30 +0000 2017", "in_reply_to_screen_name": null}, {"id_str": "830528159930019841", "is_retweet": true, "text": "RT @FLOTUS: Thank you @morikamimuseum for the inspirational presentation of your sacred gardens &amp; life &amp; culture in Japan. https://t.co/Jxf\u2026", "source": "Twitter for iPhone", "retweet_count": 10719, "favorite_count": 0, "created_at": "Sat Feb 11 21:25:18 +0000 2017", "in_reply_to_screen_name": null}, {"id_str": "830141366059536384", "is_retweet": false, "text": "An honor to host Prime Minister @AbeShinzo in the United States. https://t.co/f6TvfZ6sMj", "source": "Twitter for iPhone", "retweet_count": 11643, "favorite_count": 46430, "created_at": "Fri Feb 10 19:48:19 +0000 2017", "in_reply_to_screen_name": null}, {"id_str": "828987438873845762", "is_retweet": false, "text": "An honor having the @NationalSheriff Association join me at the @WhiteHouse. Incredible men &amp; women who protect &amp; s\u2026 https://t.co/MX1dAB15dK", "source": "Twitter for iPhone", "retweet_count": 5235, "favorite_count": 27202, "created_at": "Tue Feb 07 15:23:01 +0000 2017", "in_reply_to_screen_name": null}, {"id_str": "828659055430352896", "is_retweet": false, "text": "Will be interviewed on @oreillyfactor tonight at 8:00 P.M. Enjoy! -DJT https://t.co/7dwmRn8Xi8", "source": "Twitter for iPhone", "retweet_count": 2742, "favorite_count": 16975, "created_at": "Mon Feb 06 17:38:09 +0000 2017", "in_reply_to_screen_name": null}, {"id_str": "825057047976800256", "is_retweet": false, "text": "An honor to have U.K. Prime Minister @theresa_may join me at the @WhiteHouse. #ICYMI- our joint press conference:\u2026 https://t.co/xitinAQyPQ", "source": "Twitter for iPhone", "retweet_count": 4492, "favorite_count": 21414, "created_at": "Fri Jan 27 19:05:03 +0000 2017", "in_reply_to_screen_name": null}, {"id_str": "826646652597452800", "is_retweet": true, "text": "RT @realDonaldTrump: Hope you like my nomination of Judge Neil Gorsuch for the United States Supreme Court. He is a good and brilliant man,\u2026", "source": "Twitter for iPhone", "retweet_count": 34947, "favorite_count": 0, "created_at": "Wed Feb 01 04:21:34 +0000 2017", "in_reply_to_screen_name": null}, {"id_str": "835164363145293824", "is_retweet": false, "text": "The media didn\u2019t think we would win. The pundits didn\u2019t think we would win. The consultants didn\u2019t think...cont:\u2026 https://t.co/1HSRga4q77", "source": "Twitter for iPhone", "retweet_count": 2935, "favorite_count": 14675, "created_at": "Fri Feb 24 16:27:55 +0000 2017", "in_reply_to_screen_name": null}, {"id_str": "828688386055602177", "is_retweet": true, "text": "RT @CENTCOM: .@POTUS visits #MacDill for CENTCOM and @USSOCOM meetings Support the #USTroops https://t.co/flM7fMhk97", "source": "Twitter for iPhone", "retweet_count": 3532, "favorite_count": 0, "created_at": "Mon Feb 06 19:34:42 +0000 2017", "in_reply_to_screen_name": null}, {"id_str": "832643569768767489", "is_retweet": false, "text": "Just arrived in South Carolina!\nhttps://t.co/EFvXOKa8ur https://t.co/I9SF9Fc0zM", "source": "Twitter for iPhone", "retweet_count": 5000, "favorite_count": 31949, "created_at": "Fri Feb 17 17:31:11 +0000 2017", "in_reply_to_screen_name": null}, {"id_str": "825085862861996032", "is_retweet": false, "text": "Joint Statement on U.S. - Mexico Relations: https://t.co/wPWdC9K0xj", "source": "Twitter for iPhone", "retweet_count": 3064, "favorite_count": 12702, "created_at": "Fri Jan 27 20:59:33 +0000 2017", "in_reply_to_screen_name": null}, {"id_str": "829522247320604672", "is_retweet": true, "text": "RT @SenThadCochran: Voted tonight to confirm Jeff Sessions as Attorney General. I know he'll ensure our laws are enforced fairly and justly.", "source": "Twitter for iPhone", "retweet_count": 2836, "favorite_count": 0, "created_at": "Thu Feb 09 02:48:10 +0000 2017", "in_reply_to_screen_name": null}, {"id_str": "831887566618124288", "is_retweet": false, "text": "Join me live - for a listening session with the Retail Industry Leaders Association at the @WhiteHouse. \nWatch: https://t.co/CQIWupTTb9", "source": "Twitter for iPhone", "retweet_count": 2304, "favorite_count": 14158, "created_at": "Wed Feb 15 15:27:06 +0000 2017", "in_reply_to_screen_name": null}, {"id_str": "831609061175078913", "is_retweet": false, "text": "Congratulations to our new Administrator of the Small Business Administration, Linda McMahon! Swearing-in:\u2026 https://t.co/lEkOxCr0bV", "source": "Twitter for iPhone", "retweet_count": 5012, "favorite_count": 25962, "created_at": "Tue Feb 14 21:00:25 +0000 2017", "in_reply_to_screen_name": null}, {"id_str": "835166189743656965", "is_retweet": false, "text": "We are preparing to #RepealAndReplace the disaster known as #Obamacare \u2013 we are going to....cont: https://t.co/IEr2SghRIm", "source": "Twitter for iPhone", "retweet_count": 2817, "favorite_count": 15451, "created_at": "Fri Feb 24 16:35:10 +0000 2017", "in_reply_to_screen_name": null}, {"id_str": "829024605461413888", "is_retweet": false, "text": "Congratulations to our new Education Secretary, @BetsyDeVos! https://t.co/w7jE6G2x0p", "source": "Twitter for iPhone", "retweet_count": 11517, "favorite_count": 51236, "created_at": "Tue Feb 07 17:50:43 +0000 2017", "in_reply_to_screen_name": null}, {"id_str": "823500708204998656", "is_retweet": false, "text": "Busy week planned with a heavy focus on jobs &amp; national security. Top executives coming in at 9 A.M. to talk manufacturing in America. -DJT", "source": "Twitter for iPhone", "retweet_count": 10853, "favorite_count": 63331, "created_at": "Mon Jan 23 12:00:43 +0000 2017", "in_reply_to_screen_name": null}, {"id_str": "826824503233740800", "is_retweet": false, "text": "Proud to honor the start of Black History Month at the @WhiteHouse this morning with @VP Mike Pence. https://t.co/CaXOykzR4d", "source": "Twitter for iPhone", "retweet_count": 8616, "favorite_count": 36124, "created_at": "Wed Feb 01 16:08:17 +0000 2017", "in_reply_to_screen_name": null}, {"id_str": "832611295832768513", "is_retweet": true, "text": "RT @WhiteHouse: Join us at 11am EST for @POTUS Trump's Weekly Address: https://t.co/yNfQwKdlE2 https://t.co/0RRosyS5EB", "source": "Twitter for iPhone", "retweet_count": 3443, "favorite_count": 0, "created_at": "Fri Feb 17 15:22:56 +0000 2017", "in_reply_to_screen_name": null}, {"id_str": "828840184930263040", "is_retweet": true, "text": "RT @realDonaldTrump: The threat from radical Islamic terrorism is very real, just look at what is happening in Europe and the Middle-East.\u2026", "source": "Twitter for iPhone", "retweet_count": 33224, "favorite_count": 0, "created_at": "Tue Feb 07 05:37:53 +0000 2017", "in_reply_to_screen_name": null}, {"id_str": "823584358271434753", "is_retweet": false, "text": "TOGETHER we can save American JOBS, American LIVES, and American FUTURES. \n#AmericaFirst\ud83c\uddfa\ud83c\uddf8 https://t.co/EWgWWs6noT", "source": "Twitter for iPhone", "retweet_count": 9969, "favorite_count": 47405, "created_at": "Mon Jan 23 17:33:07 +0000 2017", "in_reply_to_screen_name": null}, {"id_str": "825475066959896576", "is_retweet": true, "text": "RT @WhiteHouse: .@POTUS @realDonaldTrump- speaking with Australian Prime Minister Malcolm Turnbull from the Oval Office. https://t.co/6rDjo\u2026", "source": "Twitter for iPhone", "retweet_count": 4592, "favorite_count": 0, "created_at": "Sat Jan 28 22:46:07 +0000 2017", "in_reply_to_screen_name": null}, {"id_str": "824767564421165057", "is_retweet": true, "text": "RT @realDonaldTrump: Miami-Dade Mayor drops sanctuary policy. Right decision. Strong! https://t.co/MtPvaDC4jM", "source": "Twitter for iPhone", "retweet_count": 25338, "favorite_count": 0, "created_at": "Thu Jan 26 23:54:45 +0000 2017", "in_reply_to_screen_name": null}, {"id_str": "827655544928346114", "is_retweet": true, "text": "RT @realDonaldTrump: We must keep \"evil\" out of our country!", "source": "Twitter for iPhone", "retweet_count": 45573, "favorite_count": 0, "created_at": "Fri Feb 03 23:10:33 +0000 2017", "in_reply_to_screen_name": null}, {"id_str": "826438887631372290", "is_retweet": true, "text": "RT @realDonaldTrump: Nancy Pelosi and Fake Tears Chuck Schumer held a rally  at the steps of The Supreme Court and mic did not work (a mess\u2026", "source": "Twitter for iPhone", "retweet_count": 31767, "favorite_count": 0, "created_at": "Tue Jan 31 14:35:59 +0000 2017", "in_reply_to_screen_name": null}, {"id_str": "828688266174017536", "is_retweet": false, "text": "Visiting @CENTCOM @USSOCOM- and supporting our amazing #USTroops this afternoon. https://t.co/Guy6gPm2GW", "source": "Twitter for iPhone", "retweet_count": 3701, "favorite_count": 21888, "created_at": "Mon Feb 06 19:34:13 +0000 2017", "in_reply_to_screen_name": null}, {"id_str": "824977251846541312", "is_retweet": true, "text": "RT @realDonaldTrump: Mexico has taken advantage of the U.S. for long enough. Massive trade deficits &amp; little help on the very weak border m\u2026", "source": "Twitter for iPhone", "retweet_count": 31261, "favorite_count": 0, "created_at": "Fri Jan 27 13:47:58 +0000 2017", "in_reply_to_screen_name": null}, {"id_str": "831867590951710721", "is_retweet": false, "text": "Looking forward as well Prime Minister @netanyahu. https://t.co/2M2zrPEbNO", "source": "Twitter for iPhone", "retweet_count": 5084, "favorite_count": 31937, "created_at": "Wed Feb 15 14:07:43 +0000 2017", "in_reply_to_screen_name": null}, {"id_str": "826839193406038017", "is_retweet": false, "text": "Moment of prayer last night after my nomination of Judge Neil Gorsuch for #SCOTUS. It was an honor having Maureen a\u2026 https://t.co/eLjJubEefQ", "source": "Twitter for iPhone", "retweet_count": 15314, "favorite_count": 64046, "created_at": "Wed Feb 01 17:06:40 +0000 2017", "in_reply_to_screen_name": null}, {"id_str": "825368826921484288", "is_retweet": true, "text": "RT @realDonaldTrump: Today, we remember the crew of the Space Shuttle Challenger, 31 years later. #NeverForget https://t.co/OhshQsFRfl", "source": "Twitter for iPhone", "retweet_count": 33159, "favorite_count": 0, "created_at": "Sat Jan 28 15:43:57 +0000 2017", "in_reply_to_screen_name": null}, {"id_str": "832447477391491073", "is_retweet": false, "text": "#MakeAmericaGreatAgain https://t.co/iwkcH3BBAG", "source": "Twitter for iPhone", "retweet_count": 11288, "favorite_count": 52336, "created_at": "Fri Feb 17 04:31:59 +0000 2017", "in_reply_to_screen_name": null}, {"id_str": "829521585396711429", "is_retweet": true, "text": "RT @VP: Thank you to the DC metro area law enforcement agencies for their work protecting our communities, including new residents like our\u2026", "source": "Twitter for iPhone", "retweet_count": 5161, "favorite_count": 0, "created_at": "Thu Feb 09 02:45:32 +0000 2017", "in_reply_to_screen_name": null}, {"id_str": "827207302344122368", "is_retweet": true, "text": "RT @realDonaldTrump: Thank you, @Samsung! We would love to have you! https://t.co/r5nxC9oOA4", "source": "Twitter for iPhone", "retweet_count": 26697, "favorite_count": 0, "created_at": "Thu Feb 02 17:29:24 +0000 2017", "in_reply_to_screen_name": null}, {"id_str": "826598937549271042", "is_retweet": false, "text": "#JusticeGorsuch #SCOTUS https://t.co/Y96Hi2bbIj", "source": "Twitter for iPhone", "retweet_count": 4994, "favorite_count": 27248, "created_at": "Wed Feb 01 01:11:58 +0000 2017", "in_reply_to_screen_name": null}, {"id_str": "831663837732564992", "is_retweet": true, "text": "RT @VP: As @DeptVetAffairs Secretary, Dr. David Shulkin will fulfill our nation's promise to care for those who have sacrificed for our fre\u2026", "source": "Twitter for iPhone", "retweet_count": 3927, "favorite_count": 0, "created_at": "Wed Feb 15 00:38:05 +0000 2017", "in_reply_to_screen_name": null}, {"id_str": "835223653893689344", "is_retweet": true, "text": "RT @WhiteHouse: .@POTUS Trump cuts through more red tape: https://t.co/KfAyQ757aq", "source": "Twitter for iPhone", "retweet_count": 2203, "favorite_count": 0, "created_at": "Fri Feb 24 20:23:31 +0000 2017", "in_reply_to_screen_name": null}, {"id_str": "835168825322713088", "is_retweet": false, "text": "We are also putting in a massive budget request for the military, and we will be substantially upgrading....cont:\u2026 https://t.co/USPslAsBvH", "source": "Twitter for iPhone", "retweet_count": 2752, "favorite_count": 14759, "created_at": "Fri Feb 24 16:45:39 +0000 2017", "in_reply_to_screen_name": null}, {"id_str": "827303793226301444", "is_retweet": false, "text": "'Trump taps first woman to CIA second in command'\nhttps://t.co/15yzhsH6Qq", "source": "Twitter for iPhone", "retweet_count": 7272, "favorite_count": 28151, "created_at": "Thu Feb 02 23:52:49 +0000 2017", "in_reply_to_screen_name": null}, {"id_str": "825186296960262144", "is_retweet": true, "text": "RT @DanScavino: Secretary Mattis with @POTUS @realDonaldTrump and @VP Michael Pence - thanking our true heroes upon their departure from th\u2026", "source": "Twitter for iPhone", "retweet_count": 9103, "favorite_count": 0, "created_at": "Sat Jan 28 03:38:39 +0000 2017", "in_reply_to_screen_name": null}, {"id_str": "826233872853630976", "is_retweet": true, "text": "RT @realDonaldTrump: The Democrats are delaying my cabinet picks for purely political reasons. They have nothing going but to obstruct. Now\u2026", "source": "Twitter for iPhone", "retweet_count": 28402, "favorite_count": 0, "created_at": "Tue Jan 31 01:01:20 +0000 2017", "in_reply_to_screen_name": null}, {"id_str": "826645379517181952", "is_retweet": true, "text": "RT @SenateMajLdr: My statement on @POTUS' excellent selection of Neil Gorsuch as our next #SCOTUS Justice https://t.co/z7TNYvd0ie", "source": "Twitter for iPhone", "retweet_count": 3655, "favorite_count": 0, "created_at": "Wed Feb 01 04:16:31 +0000 2017", "in_reply_to_screen_name": null}, {"id_str": "826073702718652416", "is_retweet": true, "text": "RT @realDonaldTrump: Only 109 people out of 325,000 were detained and held for questioning. Big problems at airports were caused by Delta c\u2026", "source": "Twitter for iPhone", "retweet_count": 31609, "favorite_count": 0, "created_at": "Mon Jan 30 14:24:53 +0000 2017", "in_reply_to_screen_name": null}, {"id_str": "824956253625581568", "is_retweet": false, "text": "'People want protection and a wall protects. All you have to do is ask Israel...' @realDonaldTrump https://t.co/QeTbiJpaDY", "source": "Twitter for iPhone", "retweet_count": 8020, "favorite_count": 30901, "created_at": "Fri Jan 27 12:24:32 +0000 2017", "in_reply_to_screen_name": null}, {"id_str": "829743749978791939", "is_retweet": false, "text": "Congratulations Attorney General Jeff Sessions! https://t.co/12TwvGRGfp", "source": "Twitter for iPhone", "retweet_count": 7598, "favorite_count": 43233, "created_at": "Thu Feb 09 17:28:20 +0000 2017", "in_reply_to_screen_name": null}, {"id_str": "824765721821446144", "is_retweet": true, "text": "RT @realDonaldTrump: Will be interviewed by @SeanHannity on @FoxNews at 10:00pm tonight. Enjoy!", "source": "Twitter for iPhone", "retweet_count": 10837, "favorite_count": 0, "created_at": "Thu Jan 26 23:47:26 +0000 2017", "in_reply_to_screen_name": null}, {"id_str": "825017330736496640", "is_retweet": true, "text": "RT @realDonaldTrump: The #MarchForLife is so important. To all of you marching --- you have my full support!", "source": "Twitter for iPhone", "retweet_count": 46473, "favorite_count": 0, "created_at": "Fri Jan 27 16:27:14 +0000 2017", "in_reply_to_screen_name": null}, {"id_str": "826645623801778177", "is_retweet": true, "text": "RT @tedcruz: I wholeheartedly applaud President Trump for nominating Judge Gorsuch: https://t.co/nJ2kxct3vM", "source": "Twitter for iPhone", "retweet_count": 8006, "favorite_count": 0, "created_at": "Wed Feb 01 04:17:29 +0000 2017", "in_reply_to_screen_name": null}, {"id_str": "829349995715428352", "is_retweet": true, "text": "RT @realDonaldTrump: Thank you to our great Police Chiefs &amp; Sheriffs for your leadership &amp; service. You have a true friend in the @WhiteHou\u2026", "source": "Twitter for iPhone", "retweet_count": 16325, "favorite_count": 0, "created_at": "Wed Feb 08 15:23:42 +0000 2017", "in_reply_to_screen_name": null}, {"id_str": "827501322110922755", "is_retweet": true, "text": "RT @realDonaldTrump: A new radical Islamic terrorist has just attacked in Louvre Museum in Paris. Tourists were locked down. France on edge\u2026", "source": "Twitter for iPhone", "retweet_count": 42488, "favorite_count": 0, "created_at": "Fri Feb 03 12:57:44 +0000 2017", "in_reply_to_screen_name": null}, {"id_str": "825845574008205312", "is_retweet": false, "text": "Statement Regarding Recent Executive Order Concerning Extreme Vetting: https://t.co/junoy06y2R", "source": "Twitter for iPhone", "retweet_count": 7896, "favorite_count": 26364, "created_at": "Sun Jan 29 23:18:22 +0000 2017", "in_reply_to_screen_name": null}, {"id_str": "823297018605006848", "is_retweet": false, "text": "It was an honor to host our amazing teams of law enforcement at the @WhiteHouse this afternoon. @VP Pence and I are\u2026 https://t.co/vSh2kRt6YI", "source": "Twitter for iPhone", "retweet_count": 14380, "favorite_count": 70903, "created_at": "Sun Jan 22 22:31:20 +0000 2017", "in_reply_to_screen_name": null}, {"id_str": "823002391951900674", "is_retweet": false, "text": "Thank you for the prayers &amp; continued blessings upon our country during the National Prayer Service this morning.\u2026 https://t.co/ao2ZfS2kLh", "source": "Twitter for iPhone", "retweet_count": 15411, "favorite_count": 87662, "created_at": "Sun Jan 22 03:00:35 +0000 2017", "in_reply_to_screen_name": null}, {"id_str": "829500798761631744", "is_retweet": true, "text": "RT @RepMarthaRoby: Such a proud moment for our state &amp; our country! Jeff Sessions has been confirmed as Attorney General of the United Stat\u2026", "source": "Twitter for iPhone", "retweet_count": 3689, "favorite_count": 0, "created_at": "Thu Feb 09 01:22:56 +0000 2017", "in_reply_to_screen_name": null}, {"id_str": "829718879383457793", "is_retweet": false, "text": "Join us live at the @WhiteHouse for the swearing in of our new Attorney General, @SenatorSessions!  \nLIVE:\u2026 https://t.co/OkIpP2UQLn", "source": "Twitter for iPhone", "retweet_count": 3531, "favorite_count": 22585, "created_at": "Thu Feb 09 15:49:30 +0000 2017", "in_reply_to_screen_name": null}, {"id_str": "827644398892638208", "is_retweet": false, "text": "Another historic week at the @WhiteHouse. Join me for my weekly address\u27a1\ufe0fhttps://t.co/LXyBNGSwXG https://t.co/EqVzJNiUxP", "source": "Twitter for iPhone", "retweet_count": 4726, "favorite_count": 22349, "created_at": "Fri Feb 03 22:26:16 +0000 2017", "in_reply_to_screen_name": null}, {"id_str": "829003519017512961", "is_retweet": true, "text": "RT @realDonaldTrump: An honor having the National Sheriffs' Assoc. join me at the @WhiteHouse. Incredible men &amp; women who protect &amp; serve 2\u2026", "source": "Twitter for iPhone", "retweet_count": 18623, "favorite_count": 0, "created_at": "Tue Feb 07 16:26:55 +0000 2017", "in_reply_to_screen_name": null}, {"id_str": "829743126441029633", "is_retweet": true, "text": "RT @VP: Privileged to swear in Attorney General Jeff Sessions. @POTUS &amp; I have faith in your commitment to the Constitution &amp; equal justice\u2026", "source": "Twitter for iPhone", "retweet_count": 7199, "favorite_count": 0, "created_at": "Thu Feb 09 17:25:51 +0000 2017", "in_reply_to_screen_name": null}, {"id_str": "828607289418465284", "is_retweet": true, "text": "RT @realDonaldTrump: Any negative polls are fake news, just like the CNN, ABC, NBC polls in the election. Sorry, people want border securit\u2026", "source": "Twitter for iPhone", "retweet_count": 36909, "favorite_count": 0, "created_at": "Mon Feb 06 14:12:27 +0000 2017", "in_reply_to_screen_name": null}, {"id_str": "828787362486423552", "is_retweet": true, "text": "RT @CENTCOM: .@POTUS President #Trump and GEN Votel meet with #USTroops @DeptofDefense https://t.co/4qApclwW0S", "source": "Twitter for iPhone", "retweet_count": 4536, "favorite_count": 0, "created_at": "Tue Feb 07 02:07:59 +0000 2017", "in_reply_to_screen_name": null}, {"id_str": "829414643743543296", "is_retweet": true, "text": "RT @realDonaldTrump: 'Immigration Ban Is One Of Trump's Most Popular Orders So Far' https://t.co/wAelwuQ4BE", "source": "Twitter for iPhone", "retweet_count": 30772, "favorite_count": 0, "created_at": "Wed Feb 08 19:40:35 +0000 2017", "in_reply_to_screen_name": null}, {"id_str": "827485833926172673", "is_retweet": true, "text": "RT @realDonaldTrump: Iran is playing with fire - they don't appreciate how \"kind\" President Obama was to them. Not me!", "source": "Twitter for iPhone", "retweet_count": 65040, "favorite_count": 0, "created_at": "Fri Feb 03 11:56:11 +0000 2017", "in_reply_to_screen_name": null}, {"id_str": "827902261800091649", "is_retweet": true, "text": "RT @realDonaldTrump: Interesting that certain Middle-Eastern countries agree with the ban. They know if certain people are allowed in it's\u2026", "source": "Twitter for iPhone", "retweet_count": 28782, "favorite_count": 0, "created_at": "Sat Feb 04 15:30:55 +0000 2017", "in_reply_to_screen_name": null}, {"id_str": "828659157578416129", "is_retweet": true, "text": "RT @realDonaldTrump: The failing @nytimes writes total fiction concerning me. They have gotten it wrong for two years, and now are making u\u2026", "source": "Twitter for iPhone", "retweet_count": 19593, "favorite_count": 0, "created_at": "Mon Feb 06 17:38:33 +0000 2017", "in_reply_to_screen_name": null}, {"id_str": "834876593583579141", "is_retweet": false, "text": "'President Donald J. Trump will speak at the Conservative Political Action Conference (CPAC) on Friday, February 24\u2026 https://t.co/FlJaDWdQxK", "source": "Twitter for iPhone", "retweet_count": 4102, "favorite_count": 18373, "created_at": "Thu Feb 23 21:24:25 +0000 2017", "in_reply_to_screen_name": null}, {"id_str": "822521968465416192", "is_retweet": false, "text": "#InaugurationDay Speech\ud83c\uddfa\ud83c\uddf8\nhttps://t.co/2h8yWMYQz9 https://t.co/Q9u8n9vez2", "source": "Twitter for iPhone", "retweet_count": 20574, "favorite_count": 76501, "created_at": "Fri Jan 20 19:11:33 +0000 2017", "in_reply_to_screen_name": null}, {"id_str": "824623556784955392", "is_retweet": true, "text": "RT @realDonaldTrump: The U.S. has a 60 billion dollar trade deficit with Mexico. It has been a one-sided deal from the beginning of NAFTA w\u2026", "source": "Twitter for iPhone", "retweet_count": 26476, "favorite_count": 0, "created_at": "Thu Jan 26 14:22:31 +0000 2017", "in_reply_to_screen_name": null}, {"id_str": "826599964168040448", "is_retweet": false, "text": "President Trump's Nominee for the Supreme Court Neil M. Gorsuch. \n#SCOTUS #JusticeGorsuch \nhttps://t.co/OnnJxv0sNG https://t.co/uiBzFWA1SQ", "source": "Twitter for iPhone", "retweet_count": 6269, "favorite_count": 29525, "created_at": "Wed Feb 01 01:16:03 +0000 2017", "in_reply_to_screen_name": null}, {"id_str": "823696070819586048", "is_retweet": false, "text": "\u26a1\ufe0fTHANK YOU to my amazing family for their support since I announced my candidacy on 6/16/2015. -DJT https://t.co/Db6titMVtq", "source": "Twitter for iPhone", "retweet_count": 9936, "favorite_count": 66312, "created_at": "Tue Jan 24 00:57:01 +0000 2017", "in_reply_to_screen_name": null}, {"id_str": "825516492917727234", "is_retweet": false, "text": "Executive Order: ETHICS COMMITMENTS BY EXECUTIVE BRANCH APPOINTEES: https://t.co/0T7rvbEdAJ https://t.co/Z9fZd4jlCg", "source": "Twitter for iPhone", "retweet_count": 4603, "favorite_count": 21065, "created_at": "Sun Jan 29 01:30:43 +0000 2017", "in_reply_to_screen_name": null}, {"id_str": "826073698234949632", "is_retweet": true, "text": "RT @realDonaldTrump: protesters and the tears of Senator Schumer. Secretary Kelly said that all is going well with very few problems. MAKE\u2026", "source": "Twitter for iPhone", "retweet_count": 24517, "favorite_count": 0, "created_at": "Mon Jan 30 14:24:52 +0000 2017", "in_reply_to_screen_name": null}, {"id_str": "826549073515773952", "is_retweet": false, "text": "Join me live from the @WhiteHouse at 8:00pm tonight. #SCOTUS \nhttps://t.co/7OJvZaW0Y7 https://t.co/nJyeYyACQ1", "source": "Twitter for iPhone", "retweet_count": 5124, "favorite_count": 21624, "created_at": "Tue Jan 31 21:53:50 +0000 2017", "in_reply_to_screen_name": null}, {"id_str": "825435318778212352", "is_retweet": false, "text": "YOUR WEEKLY ADDRESS: https://t.co/iCUns5IOJ5", "source": "Twitter for iPhone", "retweet_count": 17861, "favorite_count": 58258, "created_at": "Sat Jan 28 20:08:10 +0000 2017", "in_reply_to_screen_name": null}, {"id_str": "834813661982109696", "is_retweet": false, "text": "Listening session with manufacturing CEO's at the @WhiteHouse this morning. Watch: https://t.co/PwW12Yqgtq https://t.co/aFZuLgIvIK", "source": "Twitter for iPhone", "retweet_count": 3811, "favorite_count": 17643, "created_at": "Thu Feb 23 17:14:21 +0000 2017", "in_reply_to_screen_name": null}, {"id_str": "822572484742488065", "is_retweet": false, "text": "On behalf of my entire family, THANK YOU! #InaugurationDay https://t.co/v2nEMoanIX", "source": "Twitter for iPhone", "retweet_count": 24551, "favorite_count": 123036, "created_at": "Fri Jan 20 22:32:17 +0000 2017", "in_reply_to_screen_name": null}, {"id_str": "826597924385804293", "is_retweet": true, "text": "RT @GorsuchFacts: BREAKING: @POTUS Trump has nominated Judge Neil Gorsuch for #SCOTUS! #JusticeGorsuch https://t.co/Ugj1Kv3Xp2", "source": "Twitter for iPhone", "retweet_count": 4522, "favorite_count": 0, "created_at": "Wed Feb 01 01:07:57 +0000 2017", "in_reply_to_screen_name": null}, {"id_str": "830167745765445634", "is_retweet": false, "text": "Join me for my weekly address!\n#ICYMI - you can watch here\u27a1\ufe0fhttps://t.co/aqiMrhwg94", "source": "Twitter for iPhone", "retweet_count": 4135, "favorite_count": 20314, "created_at": "Fri Feb 10 21:33:09 +0000 2017", "in_reply_to_screen_name": null}, {"id_str": "828448692793401344", "is_retweet": false, "text": "What an amazing comeback and win by the Patriots. Tom Brady, Bob Kraft and Coach B are total winners. Wow!\n#SuperBowl -DJT", "source": "Twitter for iPhone", "retweet_count": 20498, "favorite_count": 83207, "created_at": "Mon Feb 06 03:42:14 +0000 2017", "in_reply_to_screen_name": null}, {"id_str": "828696720632594433", "is_retweet": true, "text": "RT @WhiteHouse: Happy Birthday, Mr. President! https://t.co/snf4pYhBiB", "source": "Twitter for iPhone", "retweet_count": 11627, "favorite_count": 0, "created_at": "Mon Feb 06 20:07:49 +0000 2017", "in_reply_to_screen_name": null}, {"id_str": "824377991170031617", "is_retweet": true, "text": "RT @realDonaldTrump: I will be interviewed by @DavidMuir tonight at 10 o'clock on @ABC. Will be my first interview from the White House. En\u2026", "source": "Twitter for iPhone", "retweet_count": 12679, "favorite_count": 0, "created_at": "Wed Jan 25 22:06:43 +0000 2017", "in_reply_to_screen_name": null}, {"id_str": "827583384721432576", "is_retweet": false, "text": "President Donald J. Trump Recognizes National Catholic Schools Week: https://t.co/J9Wg8nszta", "source": "Twitter for iPhone", "retweet_count": 4646, "favorite_count": 19502, "created_at": "Fri Feb 03 18:23:49 +0000 2017", "in_reply_to_screen_name": null}, {"id_str": "822669219968020481", "is_retweet": true, "text": "RT @realDonaldTrump: THANK YOU for another wonderful evening in Washington, D.C. TOGETHER, we will MAKE AMERICA GREAT AGAIN\ud83c\uddfa\ud83c\uddf8 https://t.co/\u2026", "source": "Twitter for iPhone", "retweet_count": 53529, "favorite_count": 0, "created_at": "Sat Jan 21 04:56:41 +0000 2017", "in_reply_to_screen_name": null}, {"id_str": "829455107804782603", "is_retweet": true, "text": "RT @realDonaldTrump: 'Majority in Leading EU Nations Support Trump-Style Travel Ban' \nPoll of more than 10,000 people in 10 countries...htt\u2026", "source": "Twitter for iPhone", "retweet_count": 22108, "favorite_count": 0, "created_at": "Wed Feb 08 22:21:22 +0000 2017", "in_reply_to_screen_name": null}, {"id_str": "834873249502724097", "is_retweet": false, "text": "'Cisco chairman John Chambers explains how Trump will be a boon to tech startups' https://t.co/9722yIAh5g", "source": "Twitter for iPhone", "retweet_count": 3217, "favorite_count": 13238, "created_at": "Thu Feb 23 21:11:08 +0000 2017", "in_reply_to_screen_name": null}, {"id_str": "823380672463208448", "is_retweet": false, "text": "NO DREAM is too big, NO CHALLENGE is too great. Nothing we want for our future is BEYOND OUR REACH. #AmericaFirst\ud83c\uddfa\ud83c\uddf8 https://t.co/BGuVX4C1LH", "source": "Twitter for iPhone", "retweet_count": 18189, "favorite_count": 71172, "created_at": "Mon Jan 23 04:03:44 +0000 2017", "in_reply_to_screen_name": null}, {"id_str": "827585975828230144", "is_retweet": true, "text": "RT @FoxNews: Breaking News: @POTUS signs executive orders on finance regulations. https://t.co/cRHOquwccI", "source": "Twitter for iPhone", "retweet_count": 5942, "favorite_count": 0, "created_at": "Fri Feb 03 18:34:07 +0000 2017", "in_reply_to_screen_name": null}, {"id_str": "827485992701538304", "is_retweet": true, "text": "RT @realDonaldTrump: Meeting with biggest business leaders this morning. Good jobs are coming back to U.S., health care and tax bills are b\u2026", "source": "Twitter for iPhone", "retweet_count": 19698, "favorite_count": 0, "created_at": "Fri Feb 03 11:56:49 +0000 2017", "in_reply_to_screen_name": null}, {"id_str": "828032345223593985", "is_retweet": true, "text": "RT @realDonaldTrump: Why aren't the lawyers looking at and using the Federal Court decision in Boston, which is at conflict with ridiculous\u2026", "source": "Twitter for iPhone", "retweet_count": 18176, "favorite_count": 0, "created_at": "Sun Feb 05 00:07:49 +0000 2017", "in_reply_to_screen_name": null}, {"id_str": "830621089441185792", "is_retweet": false, "text": "LIVE Joint Statement by President Trump and Prime Minister Shinzo Abe: https://t.co/HMsYN43VnE", "source": "Twitter for iPhone", "retweet_count": 3463, "favorite_count": 18300, "created_at": "Sun Feb 12 03:34:34 +0000 2017", "in_reply_to_screen_name": null}, {"id_str": "827902227020918785", "is_retweet": true, "text": "RT @realDonaldTrump: When a country is no longer able to say who can, and who cannot , come in &amp; out, especially for reasons of safety &amp;.se\u2026", "source": "Twitter for iPhone", "retweet_count": 38669, "favorite_count": 0, "created_at": "Sat Feb 04 15:30:47 +0000 2017", "in_reply_to_screen_name": null}, {"id_str": "826505081101103104", "is_retweet": false, "text": "Today I met with pharmaceutical executives at the @WhiteHouse...https://t.co/T1L7e8pHG1 https://t.co/MDr9b7rBhN", "source": "Twitter for iPhone", "retweet_count": 4982, "favorite_count": 24929, "created_at": "Tue Jan 31 18:59:01 +0000 2017", "in_reply_to_screen_name": null}, {"id_str": "829410516451868672", "is_retweet": true, "text": "RT @realDonaldTrump: Thank you Brian Krzanich, CEO of @Intel. A great investment ($7 BILLION) in American INNOVATION and JOBS! #AmericaFirs\u2026", "source": "Twitter for iPhone", "retweet_count": 22303, "favorite_count": 0, "created_at": "Wed Feb 08 19:24:11 +0000 2017", "in_reply_to_screen_name": null}, {"id_str": "827575678467973123", "is_retweet": true, "text": "RT @WhiteHouse: We honor this month as American Heart Month to remember those who have lost their lives to heart disease.\u2764\nhttps://t.co/5gN\u2026", "source": "Twitter for iPhone", "retweet_count": 3066, "favorite_count": 0, "created_at": "Fri Feb 03 17:53:12 +0000 2017", "in_reply_to_screen_name": null}, {"id_str": "825461893485707264", "is_retweet": false, "text": "Signed some additional executive orders in the Oval Office moments ago- https://t.co/fgIaVW5aJD", "source": "Twitter for iPhone", "retweet_count": 8182, "favorite_count": 34126, "created_at": "Sat Jan 28 21:53:46 +0000 2017", "in_reply_to_screen_name": null}, {"id_str": "831910401214468096", "is_retweet": false, "text": "Join us live! -DJT https://t.co/2qhxW1Cukd", "source": "Twitter for iPhone", "retweet_count": 2495, "favorite_count": 16038, "created_at": "Wed Feb 15 16:57:50 +0000 2017", "in_reply_to_screen_name": null}, {"id_str": "832016533949972481", "is_retweet": true, "text": "RT @realDonaldTrump: Venezuela should allow Leopoldo Lopez, a political prisoner &amp; husband of @liliantintori (just met w/ @marcorubio) out\u2026", "source": "Twitter for iPhone", "retweet_count": 52912, "favorite_count": 0, "created_at": "Wed Feb 15 23:59:34 +0000 2017", "in_reply_to_screen_name": null}, {"id_str": "826643298022522880", "is_retweet": false, "text": "President Donald J. Trump Nominates Judge Neil Gorsuch to the United States Supreme Court\n#JusticeGorsuch #SCOTUS\u2026 https://t.co/lc7SIjIjTZ", "source": "Twitter for iPhone", "retweet_count": 5189, "favorite_count": 31522, "created_at": "Wed Feb 01 04:08:15 +0000 2017", "in_reply_to_screen_name": null}, {"id_str": "835115187564867585", "is_retweet": false, "text": "The FBI is totally unable to stop the national security \"leakers\" that have permeated our government for a long....https://t.co/1I6K2JnFnE", "source": "Twitter for iPhone", "retweet_count": 3597, "favorite_count": 15399, "created_at": "Fri Feb 24 13:12:31 +0000 2017", "in_reply_to_screen_name": null}, {"id_str": "824623550636122112", "is_retweet": true, "text": "RT @realDonaldTrump: of jobs and companies lost. If Mexico is unwilling to pay for the badly needed wall, then it would be better to cancel\u2026", "source": "Twitter for iPhone", "retweet_count": 28710, "favorite_count": 0, "created_at": "Thu Jan 26 14:22:29 +0000 2017", "in_reply_to_screen_name": null}, {"id_str": "829139702867427328", "is_retweet": true, "text": "RT @realDonaldTrump: It is a disgrace that my full Cabinet is still not in place, the longest such delay in the history of our country. Obs\u2026", "source": "Twitter for iPhone", "retweet_count": 36962, "favorite_count": 0, "created_at": "Wed Feb 08 01:28:04 +0000 2017", "in_reply_to_screen_name": null}, {"id_str": "828379486978707456", "is_retweet": true, "text": "RT @realDonaldTrump: Enjoy the #SuperBowl and then we continue: MAKE AMERICA GREAT AGAIN!", "source": "Twitter for iPhone", "retweet_count": 37380, "favorite_count": 0, "created_at": "Sun Feb 05 23:07:14 +0000 2017", "in_reply_to_screen_name": null}, {"id_str": "831663829511700481", "is_retweet": true, "text": "RT @VP: Small business is at the heart of the American success story, &amp; @Linda_McMahon knows this better than most. No one more fitting to\u2026", "source": "Twitter for iPhone", "retweet_count": 3942, "favorite_count": 0, "created_at": "Wed Feb 15 00:38:03 +0000 2017", "in_reply_to_screen_name": null}, {"id_str": "824623494751260672", "is_retweet": true, "text": "RT @realDonaldTrump: Ungrateful TRAITOR Chelsea Manning, who should never have been released from prison, is now calling President Obama a\u2026", "source": "Twitter for iPhone", "retweet_count": 28543, "favorite_count": 0, "created_at": "Thu Jan 26 14:22:16 +0000 2017", "in_reply_to_screen_name": null}, {"id_str": "829497493046034432", "is_retweet": true, "text": "RT @realDonaldTrump: Congratulations to our new Attorney General, @SenatorSessions! https://t.co/e0buP1K83z", "source": "Twitter for iPhone", "retweet_count": 33132, "favorite_count": 0, "created_at": "Thu Feb 09 01:09:48 +0000 2017", "in_reply_to_screen_name": null}, {"id_str": "825018214614700033", "is_retweet": true, "text": "RT @realDonaldTrump: .@VP Mike Pence will be speaking at today's #MarchForLife -- You have our full support! https://t.co/1jb53SEGV4", "source": "Twitter for iPhone", "retweet_count": 16308, "favorite_count": 0, "created_at": "Fri Jan 27 16:30:45 +0000 2017", "in_reply_to_screen_name": null}, {"id_str": "829500714665783297", "is_retweet": true, "text": "RT @SenThomTillis: Attorney General Sessions will follow the rule of law, be accessible &amp; address the organizational &amp; accountability issue\u2026", "source": "Twitter for iPhone", "retweet_count": 3246, "favorite_count": 0, "created_at": "Thu Feb 09 01:22:36 +0000 2017", "in_reply_to_screen_name": null}, {"id_str": "824475138712305665", "is_retweet": false, "text": "I will be making my Supreme Court pick on Thursday of next week. Thank you! -DJT", "source": "Twitter for iPhone", "retweet_count": 7423, "favorite_count": 42166, "created_at": "Thu Jan 26 04:32:45 +0000 2017", "in_reply_to_screen_name": null}, {"id_str": "831954221624868864", "is_retweet": true, "text": "RT @IsraeliPM: Photos: Prime Minister Benjamin Netanyahu &amp; Mrs Sara Netanyahu welcomed at the @WhiteHouse by @POTUS Donald Trump &amp; @FLOTUS\u2026", "source": "Twitter for iPhone", "retweet_count": 4984, "favorite_count": 0, "created_at": "Wed Feb 15 19:51:58 +0000 2017", "in_reply_to_screen_name": null}, {"id_str": "828787354445963267", "is_retweet": true, "text": "RT @CENTCOM: .@POTUS President #Trump meets with Generals Dunford, Votel, and Thomas @USMC @USArmy @DeptofDefense #MacDill\nhttps://t.co/d76\u2026", "source": "Twitter for iPhone", "retweet_count": 3054, "favorite_count": 0, "created_at": "Tue Feb 07 02:07:58 +0000 2017", "in_reply_to_screen_name": null}, {"id_str": "829810812508372992", "is_retweet": true, "text": "RT @FoxNews: EARLIER: @POTUS hosts senators for meeting focused on Supreme Court nominee. https://t.co/MnB7HmQ4mx", "source": "Twitter for iPhone", "retweet_count": 4563, "favorite_count": 0, "created_at": "Thu Feb 09 21:54:49 +0000 2017", "in_reply_to_screen_name": null}, {"id_str": "824407761131806720", "is_retweet": true, "text": "RT @realDonaldTrump: Beginning today, the United States of America gets back control of its borders. Full speech from today @DHSgov: https:\u2026", "source": "Twitter for iPhone", "retweet_count": 23560, "favorite_count": 0, "created_at": "Thu Jan 26 00:05:01 +0000 2017", "in_reply_to_screen_name": null}, {"id_str": "827902331165483009", "is_retweet": true, "text": "RT @realDonaldTrump: The opinion of this so-called judge, which essentially takes law-enforcement away from our country, is ridiculous and\u2026", "source": "Twitter for iPhone", "retweet_count": 34021, "favorite_count": 0, "created_at": "Sat Feb 04 15:31:12 +0000 2017", "in_reply_to_screen_name": null}, {"id_str": "832348714475876356", "is_retweet": true, "text": "RT @netanyahu: An excellent meeting with @VP Mike Pence \u2013 a true friend of Israel! https://t.co/XMp2gVOOD2", "source": "Twitter for iPhone", "retweet_count": 8354, "favorite_count": 0, "created_at": "Thu Feb 16 21:59:32 +0000 2017", "in_reply_to_screen_name": null}, {"id_str": "826608065000697856", "is_retweet": true, "text": "RT @GorsuchFacts: Join us in congratulating Judge Neil Gorsuch on his nomination for #SCOTUS! Read his bio here: https://t.co/Im2VNUG6Bk #J\u2026", "source": "Twitter for iPhone", "retweet_count": 7006, "favorite_count": 0, "created_at": "Wed Feb 01 01:48:14 +0000 2017", "in_reply_to_screen_name": null}, {"id_str": "823950841451335683", "is_retweet": true, "text": "RT @realDonaldTrump: Signing orders to move forward with the construction of the Keystone XL and Dakota Access pipelines in the Oval Office\u2026", "source": "Twitter for iPhone", "retweet_count": 26226, "favorite_count": 0, "created_at": "Tue Jan 24 17:49:23 +0000 2017", "in_reply_to_screen_name": null}, {"id_str": "829522385749544960", "is_retweet": true, "text": "RT @SenatorIsakson: Congrats to @SenatorSessions on becoming U.S. Attorney General. His respect for law, 15 years' @TheJusticeDept experien\u2026", "source": "Twitter for iPhone", "retweet_count": 2504, "favorite_count": 0, "created_at": "Thu Feb 09 02:48:43 +0000 2017", "in_reply_to_screen_name": null}, {"id_str": "826187614160039942", "is_retweet": true, "text": "RT @VP: Grateful to welcome King Abdullah II of Jordan this morning as first foreign leader to visit VP Residence. https://t.co/LXjWcD8jRi", "source": "Twitter for iPhone", "retweet_count": 7876, "favorite_count": 0, "created_at": "Mon Jan 30 21:57:31 +0000 2017", "in_reply_to_screen_name": null}, {"id_str": "825708298091556864", "is_retweet": true, "text": "RT @realDonaldTrump: Our country needs strong borders and extreme vetting, NOW. Look what is happening all over Europe and, indeed, the wor\u2026", "source": "Twitter for iPhone", "retweet_count": 51580, "favorite_count": 0, "created_at": "Sun Jan 29 14:12:53 +0000 2017", "in_reply_to_screen_name": null}, {"id_str": "826073769382903808", "is_retweet": true, "text": "RT @realDonaldTrump: I have made my decision on who I will nominate for The United States Supreme Court. It will be announced live on Tuesd\u2026", "source": "Twitter for iPhone", "retweet_count": 25498, "favorite_count": 0, "created_at": "Mon Jan 30 14:25:08 +0000 2017", "in_reply_to_screen_name": null}, {"id_str": "826608134772908032", "is_retweet": true, "text": "RT @GorsuchFacts: Judge Gorsuch defends the Constitution &amp; protects individual rights, incl religious liberty, against gov't attack. #Justi\u2026", "source": "Twitter for iPhone", "retweet_count": 4698, "favorite_count": 0, "created_at": "Wed Feb 01 01:48:31 +0000 2017", "in_reply_to_screen_name": null}, {"id_str": "827595948469673986", "is_retweet": false, "text": "Remarks by President Trump at Signing of Executive Order on Fiduciary Rule: https://t.co/kMRFhlXlHe https://t.co/CKiU61iBqh", "source": "Twitter for iPhone", "retweet_count": 4041, "favorite_count": 18934, "created_at": "Fri Feb 03 19:13:44 +0000 2017", "in_reply_to_screen_name": null}, {"id_str": "828607297748361218", "is_retweet": true, "text": "RT @realDonaldTrump: I call my own shots, largely based on an accumulation of data, and everyone knows it. Some FAKE NEWS media, in order t\u2026", "source": "Twitter for iPhone", "retweet_count": 24438, "favorite_count": 0, "created_at": "Mon Feb 06 14:12:29 +0000 2017", "in_reply_to_screen_name": null}, {"id_str": "834782600946446337", "is_retweet": false, "text": "'Trump on track to aggressively address immigration, crime' \nhttps://t.co/cnXPj3bNnF", "source": "Twitter for iPhone", "retweet_count": 4493, "favorite_count": 21307, "created_at": "Thu Feb 23 15:10:56 +0000 2017", "in_reply_to_screen_name": null}, {"id_str": "826992141217968128", "is_retweet": true, "text": "RT @realDonaldTrump: Iran is rapidly taking over more and more of Iraq even after the U.S. has squandered three trillion dollars there. Obv\u2026", "source": "Twitter for iPhone", "retweet_count": 21406, "favorite_count": 0, "created_at": "Thu Feb 02 03:14:25 +0000 2017", "in_reply_to_screen_name": null}, {"id_str": "823640194884706307", "is_retweet": false, "text": "INAUGURAL ADDRESS\nhttps://t.co/GqsWAqtzWD https://t.co/tSDTDs62mc", "source": "Twitter for iPhone", "retweet_count": 7878, "favorite_count": 37670, "created_at": "Mon Jan 23 21:14:59 +0000 2017", "in_reply_to_screen_name": null}, {"id_str": "829500638899871744", "is_retweet": true, "text": "RT @SenBobCorker: Proud to support @SenatorSessions and look forward to the work he will do on behalf of our country as AG. https://t.co/Y0\u2026", "source": "Twitter for iPhone", "retweet_count": 2310, "favorite_count": 0, "created_at": "Thu Feb 09 01:22:18 +0000 2017", "in_reply_to_screen_name": null}, {"id_str": "824438147744403457", "is_retweet": false, "text": ".@VP Mike Pence administers the oath of office to Secretary John F. Kelly @DHSgov this afternoon. https://t.co/RNa3DsAsPe", "source": "Twitter for iPhone", "retweet_count": 3735, "favorite_count": 21489, "created_at": "Thu Jan 26 02:05:46 +0000 2017", "in_reply_to_screen_name": null}, {"id_str": "827485788485070848", "is_retweet": true, "text": "RT @realDonaldTrump: Yes, Arnold Schwarzenegger did a really bad job as Governor of California and even worse on the Apprentice...but at le\u2026", "source": "Twitter for iPhone", "retweet_count": 23654, "favorite_count": 0, "created_at": "Fri Feb 03 11:56:00 +0000 2017", "in_reply_to_screen_name": null}, {"id_str": "827486033705046016", "is_retweet": true, "text": "RT @realDonaldTrump: Professional anarchists, thugs and paid protesters are proving the point of the millions of people who voted to MAKE A\u2026", "source": "Twitter for iPhone", "retweet_count": 43494, "favorite_count": 0, "created_at": "Fri Feb 03 11:56:59 +0000 2017", "in_reply_to_screen_name": null}, {"id_str": "826175148441100289", "is_retweet": true, "text": "RT @realDonaldTrump: The American dream is back. We\u2019re going to create an environment for small business like we haven\u2019t had in many, many\u2026", "source": "Twitter for iPhone", "retweet_count": 35301, "favorite_count": 0, "created_at": "Mon Jan 30 21:07:59 +0000 2017", "in_reply_to_screen_name": null}, {"id_str": "827584037535391744", "is_retweet": false, "text": "#ICYMI- Remarks by President Trump Before Meeting with Harley-Davidson Executives and Union Representatives: https://t.co/BBEk33fc63", "source": "Twitter for iPhone", "retweet_count": 2400, "favorite_count": 11677, "created_at": "Fri Feb 03 18:26:24 +0000 2017", "in_reply_to_screen_name": null}, {"id_str": "822855801400414211", "is_retweet": false, "text": "I am honored to serve you, the great American People, as your 45th President of the United States! https://t.co/BVtt7lSrlA", "source": "Twitter for iPhone", "retweet_count": 45311, "favorite_count": 198557, "created_at": "Sat Jan 21 17:18:05 +0000 2017", "in_reply_to_screen_name": null}, {"id_str": "824055959534366720", "is_retweet": true, "text": "RT @realDonaldTrump: Great meeting with Ford CEO Mark Fields and General Motors CEO Mary Barra at the @WhiteHouse today. https://t.co/T0eIg\u2026", "source": "Twitter for iPhone", "retweet_count": 19036, "favorite_count": 0, "created_at": "Wed Jan 25 00:47:05 +0000 2017", "in_reply_to_screen_name": null}, {"id_str": "832420455281807366", "is_retweet": false, "text": "'President Trump Hosts Israeli Prime Minister Benjamin Netanyahu at the White House' https://t.co/5bRbbeHhKK https://t.co/iJYf9AU89t", "source": "Twitter for iPhone", "retweet_count": 4726, "favorite_count": 29224, "created_at": "Fri Feb 17 02:44:36 +0000 2017", "in_reply_to_screen_name": null}, {"id_str": "826960559841148929", "is_retweet": false, "text": "Congratulations to our new Secretary of State Rex Tillerson, sworn-in this evening by @VP Mike Pence. https://t.co/YvLoJZUKj8", "source": "Twitter for iPhone", "retweet_count": 10284, "favorite_count": 55246, "created_at": "Thu Feb 02 01:08:56 +0000 2017", "in_reply_to_screen_name": null}, {"id_str": "834955241569255425", "is_retweet": false, "text": "#MakeAmericaGreatAgain\ud83c\uddfa\ud83c\uddf8 https://t.co/JcqPyZcSq3", "source": "Twitter for iPhone", "retweet_count": 3742, "favorite_count": 18483, "created_at": "Fri Feb 24 02:36:56 +0000 2017", "in_reply_to_screen_name": null}, {"id_str": "827214173025271811", "is_retweet": false, "text": "Great meeting with @harleydavidson executives from Milwaukee, Wisconsin at the @WhiteHouse. https://t.co/7Spcmh6guM", "source": "Twitter for iPhone", "retweet_count": 9550, "favorite_count": 45197, "created_at": "Thu Feb 02 17:56:42 +0000 2017", "in_reply_to_screen_name": null}, {"id_str": "831608007960252417", "is_retweet": false, "text": "Watch Dr. David Shulkin- new @DeptVetAffairs Secretary being sworn-in by @VP Pence:\nhttps://t.co/fjJOpFkqi5 https://t.co/s9ZGynLM2i", "source": "Twitter for iPhone", "retweet_count": 2789, "favorite_count": 15888, "created_at": "Tue Feb 14 20:56:14 +0000 2017", "in_reply_to_screen_name": null}, {"id_str": "823871247473840128", "is_retweet": true, "text": "RT @realDonaldTrump: Will be meeting at 9:00 with top automobile executives concerning jobs in America. I want new plants to be built here\u2026", "source": "Twitter for iPhone", "retweet_count": 24167, "favorite_count": 0, "created_at": "Tue Jan 24 12:33:06 +0000 2017", "in_reply_to_screen_name": null}, {"id_str": "829524691408842756", "is_retweet": true, "text": "RT @NationalSheriff: PRESS RELEASE: Sheriffs Applaud Confirmation of @SenatorSessions https://t.co/jA0HFDVAZn #sessionsconfirmation https:/\u2026", "source": "Twitter for iPhone", "retweet_count": 6446, "favorite_count": 0, "created_at": "Thu Feb 09 02:57:52 +0000 2017", "in_reply_to_screen_name": null}, {"id_str": "829372305293922305", "is_retweet": true, "text": "RT @realDonaldTrump: My daughter Ivanka has been treated so unfairly by @Nordstrom. She is a great person -- always pushing me to do the ri\u2026", "source": "Twitter for iPhone", "retweet_count": 27677, "favorite_count": 0, "created_at": "Wed Feb 08 16:52:21 +0000 2017", "in_reply_to_screen_name": null}, {"id_str": "832593253379796992", "is_retweet": true, "text": "RT @PressSec: .@POTUS heading to Charleston, SC to unveil the new @Boeing 787 Dreamliner.", "source": "Twitter for iPhone", "retweet_count": 3169, "favorite_count": 0, "created_at": "Fri Feb 17 14:11:15 +0000 2017", "in_reply_to_screen_name": null}, {"id_str": "826591537891069952", "is_retweet": true, "text": "RT @realDonaldTrump: Getting ready to deliver a VERY IMPORTANT DECISION!  8:00 P.M.", "source": "Twitter for iPhone", "retweet_count": 16793, "favorite_count": 0, "created_at": "Wed Feb 01 00:42:34 +0000 2017", "in_reply_to_screen_name": null}, {"id_str": "826438893239156737", "is_retweet": true, "text": "RT @realDonaldTrump: When will the Democrats give us our Attorney General and rest of Cabinet! They should be ashamed of themselves! No won\u2026", "source": "Twitter for iPhone", "retweet_count": 39598, "favorite_count": 0, "created_at": "Tue Jan 31 14:36:01 +0000 2017", "in_reply_to_screen_name": null}, {"id_str": "824698838170685441", "is_retweet": true, "text": "RT @realDonaldTrump: Spoke at the Congressional @GOP Retreat in Philadelphia, PA. this afternoon w/ @VP, @SenateMajLdr, @SpeakerRyan. Thank\u2026", "source": "Twitter for iPhone", "retweet_count": 11496, "favorite_count": 0, "created_at": "Thu Jan 26 19:21:39 +0000 2017", "in_reply_to_screen_name": null}, {"id_str": "831603323631497218", "is_retweet": false, "text": "Remarks by President Trump at Swearing-In Ceremony for Treasury Secretary Mnuchin\nhttps://t.co/5PJiztgMMx", "source": "Twitter for iPhone", "retweet_count": 2053, "favorite_count": 11295, "created_at": "Tue Feb 14 20:37:37 +0000 2017", "in_reply_to_screen_name": null}, {"id_str": "831603766554132481", "is_retweet": false, "text": "Remarks by President Trump at Parent-Teacher Conference Listening Session \nhttps://t.co/qZC9KQDsDK", "source": "Twitter for iPhone", "retweet_count": 2241, "favorite_count": 11689, "created_at": "Tue Feb 14 20:39:23 +0000 2017", "in_reply_to_screen_name": null}, {"id_str": "835275100693880832", "is_retweet": false, "text": "Thank you #CPAC2017! \nhttps://t.co/H66racvGwR https://t.co/TbegxBj6uY", "source": "Twitter for iPhone", "retweet_count": 3313, "favorite_count": 16858, "created_at": "Fri Feb 24 23:47:57 +0000 2017", "in_reply_to_screen_name": null}, {"id_str": "835147981926051844", "is_retweet": false, "text": "Join me live at @CPAC! #CPAC2017\nhttps://t.co/lPhjLZHFwe https://t.co/Onh4ykx72y", "source": "Twitter for iPhone", "retweet_count": 1990, "favorite_count": 12172, "created_at": "Fri Feb 24 15:22:49 +0000 2017", "in_reply_to_screen_name": null}, {"id_str": "823339257284755470", "is_retweet": true, "text": "RT @VP: Law enforcement worked tirelessly to secure the inauguration. Today the President &amp; I thanked them during a reception at The @White\u2026", "source": "Twitter for iPhone", "retweet_count": 17065, "favorite_count": 0, "created_at": "Mon Jan 23 01:19:10 +0000 2017", "in_reply_to_screen_name": null}, {"id_str": "827157237403680768", "is_retweet": true, "text": "RT @realDonaldTrump: Attending Chief Ryan Owens' Dignified Transfer yesterday with my daughter Ivanka was my great honor. To a great and br\u2026", "source": "Twitter for iPhone", "retweet_count": 17008, "favorite_count": 0, "created_at": "Thu Feb 02 14:10:27 +0000 2017", "in_reply_to_screen_name": null}, {"id_str": "829410511578087426", "is_retweet": true, "text": "RT @realDonaldTrump: Big increase in traffic into our country from certain areas, while our people are far more vulnerable, as we wait for\u2026", "source": "Twitter for iPhone", "retweet_count": 17805, "favorite_count": 0, "created_at": "Wed Feb 08 19:24:10 +0000 2017", "in_reply_to_screen_name": null}, {"id_str": "835167077048672256", "is_retweet": false, "text": "We are going to massively lower taxes on the middle class, reduce taxes on American business, and make our....cont: https://t.co/IdDBsvYynT", "source": "Twitter for iPhone", "retweet_count": 3854, "favorite_count": 19373, "created_at": "Fri Feb 24 16:38:42 +0000 2017", "in_reply_to_screen_name": null}, {"id_str": "832668984537468928", "is_retweet": false, "text": "Congratulations to our new @EPA Administrator, Scott Pruitt! https://t.co/TuZFWdrTmn", "source": "Twitter for iPhone", "retweet_count": 8093, "favorite_count": 39444, "created_at": "Fri Feb 17 19:12:10 +0000 2017", "in_reply_to_screen_name": null}, {"id_str": "826610471906193408", "is_retweet": true, "text": "RT @GorsuchFacts: .@POTUS Trump has chosen a #SCOTUS with a brilliant legal mind, sterling academic credentials, &amp; a commitment to constitu\u2026", "source": "Twitter for iPhone", "retweet_count": 7733, "favorite_count": 0, "created_at": "Wed Feb 01 01:57:48 +0000 2017", "in_reply_to_screen_name": null}, {"id_str": "826612780472086528", "is_retweet": true, "text": "RT @GorsuchFacts: 11 current Dem Senators &amp; 20 current GOP Senators were in office when Judge Gorsuch was confirmed w/out oppo in '06. #Jus\u2026", "source": "Twitter for iPhone", "retweet_count": 6326, "favorite_count": 0, "created_at": "Wed Feb 01 02:06:59 +0000 2017", "in_reply_to_screen_name": null}, {"id_str": "828032340576313346", "is_retweet": true, "text": "RT @realDonaldTrump: Because the ban was lifted by a judge, many very bad and dangerous people may be pouring into our country. A terrible\u2026", "source": "Twitter for iPhone", "retweet_count": 29972, "favorite_count": 0, "created_at": "Sun Feb 05 00:07:48 +0000 2017", "in_reply_to_screen_name": null}, {"id_str": "823990663222018048", "is_retweet": false, "text": "Meeting with members of the Senate leadership at the @WhiteHouse now with @VP Pence. https://t.co/SjpbTV1ysS", "source": "Twitter for iPhone", "retweet_count": 5748, "favorite_count": 29890, "created_at": "Tue Jan 24 20:27:37 +0000 2017", "in_reply_to_screen_name": null}, {"id_str": "826540972758675458", "is_retweet": false, "text": "Highlights From The President\u2019s Listening Session With Pharmaceutical Industry Leaders at the @WhiteHouse today:\u2026 https://t.co/RVWVuIRN77", "source": "Twitter for iPhone", "retweet_count": 3506, "favorite_count": 15724, "created_at": "Tue Jan 31 21:21:38 +0000 2017", "in_reply_to_screen_name": null}, {"id_str": "829522233190187009", "is_retweet": true, "text": "RT @RepGoodlatte: Congratulations to @SenatorSessions -  the next Attorney General of the United States! https://t.co/QkWaA2w9jt", "source": "Twitter for iPhone", "retweet_count": 2603, "favorite_count": 0, "created_at": "Thu Feb 09 02:48:06 +0000 2017", "in_reply_to_screen_name": null}, {"id_str": "826611228973883394", "is_retweet": true, "text": "RT @WhiteHouse: \"This has been the most transparent Supreme Court selection process in the history of our country.\" - @POTUS #JusticeGorsuc\u2026", "source": "Twitter for iPhone", "retweet_count": 5562, "favorite_count": 0, "created_at": "Wed Feb 01 02:00:49 +0000 2017", "in_reply_to_screen_name": null}, {"id_str": "828756467985575936", "is_retweet": true, "text": "RT @realDonaldTrump: An extended interview from the Super Bowl with @oreillyfactor airs tonight at 8:00 P.M. Enjoy! https://t.co/kZdHqaNTVR", "source": "Twitter for iPhone", "retweet_count": 8179, "favorite_count": 0, "created_at": "Tue Feb 07 00:05:14 +0000 2017", "in_reply_to_screen_name": null}, {"id_str": "834855800560611334", "is_retweet": false, "text": "Great job - see you tomorrow at 10amE! #CPAC2017 https://t.co/bO99P9CCg5", "source": "Twitter for iPhone", "retweet_count": 3364, "favorite_count": 14756, "created_at": "Thu Feb 23 20:01:48 +0000 2017", "in_reply_to_screen_name": null}, {"id_str": "830144654704275456", "is_retweet": false, "text": "Congratulations @SecPriceMD! The 23rd Secretary of @HHSGov! #ICYMI: @VP swearing Dr. Price in:\u2026 https://t.co/1pwNKXz54r", "source": "Twitter for iPhone", "retweet_count": 4018, "favorite_count": 21731, "created_at": "Fri Feb 10 20:01:23 +0000 2017", "in_reply_to_screen_name": null}, {"id_str": "825851046945779712", "is_retweet": true, "text": "RT @realDonaldTrump: I will be interviewed by @TheBrodyFile on @CBNNews tonight at 11pm. Enjoy!", "source": "Twitter for iPhone", "retweet_count": 11281, "favorite_count": 0, "created_at": "Sun Jan 29 23:40:07 +0000 2017", "in_reply_to_screen_name": null}, {"id_str": "825413496317804546", "is_retweet": true, "text": "RT @netanyahu: President Trump is right. I built a wall along Israel's southern border. It stopped all illegal immigration. Great success.\u2026", "source": "Twitter for iPhone", "retweet_count": 55115, "favorite_count": 0, "created_at": "Sat Jan 28 18:41:27 +0000 2017", "in_reply_to_screen_name": null}, {"id_str": "826142435042525184", "is_retweet": false, "text": "White House Press Briefing: \nhttps://t.co/08IOPWcGOO", "source": "Twitter for iPhone", "retweet_count": 3118, "favorite_count": 13485, "created_at": "Mon Jan 30 18:58:00 +0000 2017", "in_reply_to_screen_name": null}, {"id_str": "825516865271296000", "is_retweet": false, "text": "Presidential Memorandum Plan to Defeat the Islamic State of Iraq and Syria: https://t.co/MWvPlRQ8ZI https://t.co/1IkgK8wEWF", "source": "Twitter for iPhone", "retweet_count": 6655, "favorite_count": 26414, "created_at": "Sun Jan 29 01:32:12 +0000 2017", "in_reply_to_screen_name": null}, {"id_str": "832446133293215744", "is_retweet": false, "text": "'President Trump: Putting Coal Country Back to Work'\nhttps://t.co/t8mgQJq0fL", "source": "Twitter for iPhone", "retweet_count": 5442, "favorite_count": 29137, "created_at": "Fri Feb 17 04:26:38 +0000 2017", "in_reply_to_screen_name": null}, {"id_str": "827721350408200193", "is_retweet": true, "text": "RT @realDonaldTrump: Countries charge U.S. companies taxes or tariffs while the U.S. charges them nothing or little.We should charge them S\u2026", "source": "Twitter for iPhone", "retweet_count": 27432, "favorite_count": 0, "created_at": "Sat Feb 04 03:32:02 +0000 2017", "in_reply_to_screen_name": null}, {"id_str": "823269672103645189", "is_retweet": true, "text": "RT @VP: It is my distinct honor to administer the Oath of Office to this group of talented men &amp; women as Assistants to President @realDona\u2026", "source": "Twitter for iPhone", "retweet_count": 9283, "favorite_count": 0, "created_at": "Sun Jan 22 20:42:40 +0000 2017", "in_reply_to_screen_name": null}, {"id_str": "829314371658588161", "is_retweet": true, "text": "RT @realDonaldTrump: If the U.S. does not win this case as it so obviously should, we can never have the security and safety to which we ar\u2026", "source": "Twitter for iPhone", "retweet_count": 22589, "favorite_count": 0, "created_at": "Wed Feb 08 13:02:08 +0000 2017", "in_reply_to_screen_name": null}, {"id_str": "824765391369015298", "is_retweet": true, "text": "RT @VP: Honored to meet with Pro-Life leaders in my office tonight. Just told them I look forward to addressing National @March_for_Life on\u2026", "source": "Twitter for iPhone", "retweet_count": 10573, "favorite_count": 0, "created_at": "Thu Jan 26 23:46:07 +0000 2017", "in_reply_to_screen_name": null}, {"id_str": "829124808126369792", "is_retweet": false, "text": ".@BetsyDeVos sworn in as Secretary of Education by @VP Mike Pence moments ago. Congratulations! https://t.co/uzneL25V7F", "source": "Twitter for iPhone", "retweet_count": 6631, "favorite_count": 35352, "created_at": "Wed Feb 08 00:28:53 +0000 2017", "in_reply_to_screen_name": null}, {"id_str": "824440493241237504", "is_retweet": true, "text": "RT @realDonaldTrump: As your President, I have no higher duty than to protect the lives of the American people. https://t.co/o7YNUNwb8f", "source": "Twitter for iPhone", "retweet_count": 29651, "favorite_count": 0, "created_at": "Thu Jan 26 02:15:05 +0000 2017", "in_reply_to_screen_name": null}, {"id_str": "828356527383789568", "is_retweet": true, "text": "RT @realDonaldTrump: I have instructed Homeland Security to check people coming into our country VERY CAREFULLY. The courts are making the\u2026", "source": "Twitter for iPhone", "retweet_count": 29009, "favorite_count": 0, "created_at": "Sun Feb 05 21:36:00 +0000 2017", "in_reply_to_screen_name": null}, {"id_str": "825518052993286144", "is_retweet": false, "text": "Presidential Memorandum Organization of the National Security Council and the Homeland Security Council:\u2026 https://t.co/2UO7MSc1bx", "source": "Twitter for iPhone", "retweet_count": 4219, "favorite_count": 19163, "created_at": "Sun Jan 29 01:36:55 +0000 2017", "in_reply_to_screen_name": null}, {"id_str": "828031764459294720", "is_retweet": true, "text": "RT @GorsuchFacts: Yesterday, #SCOTUS nominee Judge Gorsuch met with Senators all over the Capitol\u2026he also met with this puppy. #JusticeGors\u2026", "source": "Twitter for iPhone", "retweet_count": 4522, "favorite_count": 0, "created_at": "Sun Feb 05 00:05:31 +0000 2017", "in_reply_to_screen_name": null}, {"id_str": "835173046977703936", "is_retweet": false, "text": "One by one, we are checking off the promises we made to the people of the United States....cont: https://t.co/3toujY1nLk", "source": "Twitter for iPhone", "retweet_count": 4240, "favorite_count": 21064, "created_at": "Fri Feb 24 17:02:25 +0000 2017", "in_reply_to_screen_name": null}, {"id_str": "828031995301285888", "is_retweet": true, "text": "RT @VP: This SCOTUS seat doesn't belong to any party, ideology, or interest group. It belongs to the American people\u2013and Americans deserve\u2026", "source": "Twitter for iPhone", "retweet_count": 7316, "favorite_count": 0, "created_at": "Sun Feb 05 00:06:26 +0000 2017", "in_reply_to_screen_name": null}, {"id_str": "835214271453806592", "is_retweet": false, "text": "This afternoon I signed an executive order to establish task forces that will help scrap job-killing regulations on\u2026 https://t.co/ImrztJhExu", "source": "Twitter for iPhone", "retweet_count": 6355, "favorite_count": 28147, "created_at": "Fri Feb 24 19:46:14 +0000 2017", "in_reply_to_screen_name": null}, {"id_str": "833811223980412928", "is_retweet": false, "text": "Congratulations to our new National Security Advisor, General H.R. McMaster! https://t.co/X1AYe4049o", "source": "Twitter for iPhone", "retweet_count": 10498, "favorite_count": 52893, "created_at": "Mon Feb 20 22:51:01 +0000 2017", "in_reply_to_screen_name": null}, {"id_str": "829500634864943104", "is_retweet": true, "text": "RT @JohnBoozman: While @SenatorSessions will be missed in the Senate, his strong adherence to the Constitution will be a welcome change at\u2026", "source": "Twitter for iPhone", "retweet_count": 3225, "favorite_count": 0, "created_at": "Thu Feb 09 01:22:17 +0000 2017", "in_reply_to_screen_name": null}, {"id_str": "828356521973186561", "is_retweet": true, "text": "RT @realDonaldTrump: Just cannot  believe a judge would put our country in such peril. If something happens blame him and court system. Peo\u2026", "source": "Twitter for iPhone", "retweet_count": 29642, "favorite_count": 0, "created_at": "Sun Feb 05 21:35:59 +0000 2017", "in_reply_to_screen_name": null}, {"id_str": "826259197700481028", "is_retweet": false, "text": "Statement on the Appointment of Dana Boente as Acting Attorney General: https://t.co/fkAWOmnrsP", "source": "Twitter for iPhone", "retweet_count": 7052, "favorite_count": 27585, "created_at": "Tue Jan 31 02:41:58 +0000 2017", "in_reply_to_screen_name": null}, {"id_str": "822606593808277504", "is_retweet": false, "text": "Signing documents to allow Mattis and Kelly to be sworn into Cabinet and an executive order on #Obamacare.\u2026 https://t.co/bjAtY0Q1Km", "source": "Twitter for iPhone", "retweet_count": 13351, "favorite_count": 66483, "created_at": "Sat Jan 21 00:47:49 +0000 2017", "in_reply_to_screen_name": null}, {"id_str": "835165269249130501", "is_retweet": false, "text": "Our victory was a win for every hardworking citizen in this country who believes in freedom, security and....cont:\u2026 https://t.co/MH8ZSc7OHA", "source": "Twitter for iPhone", "retweet_count": 3279, "favorite_count": 15911, "created_at": "Fri Feb 24 16:31:31 +0000 2017", "in_reply_to_screen_name": null}, {"id_str": "824125060885651458", "is_retweet": true, "text": "RT @realDonaldTrump: If Chicago doesn't fix the horrible \"carnage\" going on, 228 shootings in 2017 with 42 killings (up 24% from 2016), I w\u2026", "source": "Twitter for iPhone", "retweet_count": 57424, "favorite_count": 0, "created_at": "Wed Jan 25 05:21:40 +0000 2017", "in_reply_to_screen_name": null}, {"id_str": "823937981115486208", "is_retweet": true, "text": "RT @realDonaldTrump: A photo delivered yesterday that will be displayed in the upper/lower press hall. Thank you Abbas! https://t.co/Uzp0iv\u2026", "source": "Twitter for iPhone", "retweet_count": 21250, "favorite_count": 0, "created_at": "Tue Jan 24 16:58:17 +0000 2017", "in_reply_to_screen_name": null}, {"id_str": "835170012373598208", "is_retweet": false, "text": "We inherited a national debt that has doubled in eight years. We inherited a foreign policy marked by one....cont: https://t.co/r0koJ91b4Q", "source": "Twitter for iPhone", "retweet_count": 3168, "favorite_count": 15558, "created_at": "Fri Feb 24 16:50:22 +0000 2017", "in_reply_to_screen_name": null}, {"id_str": "825145230324277248", "is_retweet": true, "text": "RT @realDonaldTrump: I promise that our administration will ALWAYS have your back. We will ALWAYS be with you! https://t.co/D0aOWhOH4X", "source": "Twitter for iPhone", "retweet_count": 29460, "favorite_count": 0, "created_at": "Sat Jan 28 00:55:28 +0000 2017", "in_reply_to_screen_name": null}, {"id_str": "829025638023573504", "is_retweet": true, "text": "RT @VP: Today\u2019s vote to confirm Education Secretary @BetsyDeVos was a vote for every child having a chance at a world-class education. http\u2026", "source": "Twitter for iPhone", "retweet_count": 7916, "favorite_count": 0, "created_at": "Tue Feb 07 17:54:49 +0000 2017", "in_reply_to_screen_name": null}, {"id_str": "829500656025272320", "is_retweet": true, "text": "RT @HouseGOP: Congratulations, @SenatorSessions! https://t.co/RiZLpHCfRW", "source": "Twitter for iPhone", "retweet_count": 4634, "favorite_count": 0, "created_at": "Thu Feb 09 01:22:22 +0000 2017", "in_reply_to_screen_name": null}, {"id_str": "825789700199837696", "is_retweet": true, "text": "RT @realDonaldTrump: Christians in the Middle-East have been executed in large numbers. We cannot allow this horror to continue!", "source": "Twitter for iPhone", "retweet_count": 60525, "favorite_count": 0, "created_at": "Sun Jan 29 19:36:21 +0000 2017", "in_reply_to_screen_name": null}, {"id_str": "835571208842260481", "is_retweet": false, "text": "Weekly Address from @WhiteHouse: \u27a1\ufe0fhttps://t.co/7PgkrtM0OY https://t.co/O43Y05vaQV", "source": "Twitter for iPhone", "retweet_count": 249, "favorite_count": 1070, "created_at": "Sat Feb 25 19:24:35 +0000 2017", "in_reply_to_screen_name": null}, {"id_str": "835630731032424450", "is_retweet": false, "text": "I will not be attending the White House Correspondents' Association Dinner this year. Please wish everyone well and have a great evening!", "source": "Twitter for iPhone", "retweet_count": 461, "favorite_count": 2088, "created_at": "Sat Feb 25 23:21:06 +0000 2017", "in_reply_to_screen_name": null}, {"id_str": "835923804983603202", "is_retweet": false, "text": "Russia talk is FAKE NEWS put out by the Dems, and played up by the media, in order to mask the big election defeat and the illegal leaks!", "source": "Twitter for iPhone", "retweet_count": 556, "favorite_count": 1966, "created_at": "Sun Feb 26 18:45:40 +0000 2017", "in_reply_to_screen_name": null}, {"id_str": "835955231225692160", "is_retweet": false, "text": "Big dinner with Governors tonight at White House. Much to be discussed, including healthcare.", "source": "Twitter for iPhone", "retweet_count": 363, "favorite_count": 1833, "created_at": "Sun Feb 26 20:50:33 +0000 2017", "in_reply_to_screen_name": null}, {"id_str": "836229996175831041", "is_retweet": false, "text": "#Obamacare has failed. We are going to #RepealAndReplace! https://t.co/4jusbJ9qLc", "source": "Twitter for iPhone", "retweet_count": 274, "favorite_count": 1063, "created_at": "Mon Feb 27 15:02:22 +0000 2017", "in_reply_to_screen_name": null}, {"id_str": "836261554135924736", "is_retweet": false, "text": "Great meeting with CEOs of leading U.S. health insurance companies who provide great healthcare to the American peo\u2026 https://t.co/xpgnT28EOY", "source": "Twitter for iPhone", "retweet_count": 128, "favorite_count": 695, "created_at": "Mon Feb 27 17:07:46 +0000 2017", "in_reply_to_screen_name": null}, {"id_str": "836380135444086784", "is_retweet": false, "text": "Congratulations to our new Secretary of @CommerceGov, Wilbur Ross! https://t.co/pMmlLRzwky", "source": "Twitter Web Client", "retweet_count": 537, "favorite_count": 2350, "created_at": "Tue Feb 28 00:58:58 +0000 2017", "in_reply_to_screen_name": null}, {"id_str": "836413040614588418", "is_retweet": false, "text": "Thank you to the great presidents of our #HBCUs for their commitment to higher education. Read more here:\u2026 https://t.co/2qS4FgnCe2", "source": "Twitter for iPhone", "retweet_count": 493, "favorite_count": 1803, "created_at": "Tue Feb 28 03:09:43 +0000 2017", "in_reply_to_screen_name": null}, {"id_str": "836416283340070912", "is_retweet": false, "text": "I will be interviewed on @foxandfriends at 6:00 A.M. Enjoy!", "source": "Twitter for iPhone", "retweet_count": 219, "favorite_count": 1021, "created_at": "Tue Feb 28 03:22:36 +0000 2017", "in_reply_to_screen_name": null}, {"id_str": "836589045560053763", "is_retweet": true, "text": "RT @WhiteHouse: Watch LIVE as @VP Pence participates in the swearing-in of the Secretary of @CommerceGov, Wilbur Ross:  https://t.co/tAR4mM\u2026", "source": "Twitter for iPhone", "retweet_count": 217, "favorite_count": 0, "created_at": "Tue Feb 28 14:49:06 +0000 2017", "in_reply_to_screen_name": null}, {"id_str": "836694740708044801", "is_retweet": true, "text": "RT @IvankaTrump: Proud to support the signing of H.R. 321 &amp; 255. #ClosingTheGenderGap in STEM fields is vital to innovation and workforce d\u2026", "source": "Twitter for iPhone", "retweet_count": 1828, "favorite_count": 0, "created_at": "Tue Feb 28 21:49:05 +0000 2017", "in_reply_to_screen_name": null}, {"id_str": "836709052046528513", "is_retweet": true, "text": "RT @Scavino45: Find out what Executive Orders @POTUS @realDonaldTrump signed today at the @WhiteHouse! Entire video here: https://t.co/2ZuN\u2026", "source": "Twitter for iPhone", "retweet_count": 278, "favorite_count": 0, "created_at": "Tue Feb 28 22:45:57 +0000 2017", "in_reply_to_screen_name": null}, {"id_str": "836711762762280961", "is_retweet": true, "text": "RT @WhiteHouse: Tune in LIVE tonight at 9pm EST for @POTUS Trump's #JointAddress: https://t.co/TFWe9JNfFZ https://t.co/4uOlQ2xrJ4", "source": "Twitter for iPhone", "retweet_count": 343, "favorite_count": 0, "created_at": "Tue Feb 28 22:56:44 +0000 2017", "in_reply_to_screen_name": null}, {"id_str": "836754740105064448", "is_retweet": true, "text": "RT @VP: Karen and I on our way to hear @POTUS speak directly to America about his optimistic vision. WATCH: https://t.co/xkAkG9LbWa #JointA\u2026", "source": "Twitter for iPhone", "retweet_count": 264, "favorite_count": 0, "created_at": "Wed Mar 01 01:47:30 +0000 2017", "in_reply_to_screen_name": null}, {"id_str": "836757215763697664", "is_retweet": false, "text": "#JointSession #MAGA\nhttps://t.co/DcUUhLyFRU", "source": "Twitter for iPhone", "retweet_count": 255, "favorite_count": 884, "created_at": "Wed Mar 01 01:57:21 +0000 2017", "in_reply_to_screen_name": null}, {"id_str": "836760999843758082", "is_retweet": true, "text": "RT @WhiteHouse: This is the #AmericanSpirit. #JointAddress https://t.co/OgllGrPTe9", "source": "TweetDeck", "retweet_count": 335, "favorite_count": 0, "created_at": "Wed Mar 01 02:12:23 +0000 2017", "in_reply_to_screen_name": null}, {"id_str": "836760865739325442", "is_retweet": false, "text": "A surge of optimism is placing impossible dreams firmly within our grasp. What we are witnessing today is the Renewal of the #AmericanSpirit", "source": "TweetDeck", "retweet_count": 593, "favorite_count": 2026, "created_at": "Wed Mar 01 02:11:51 +0000 2017", "in_reply_to_screen_name": null}, {"id_str": "836760755001249792", "is_retweet": false, "text": "I am here tonight to deliver a message of unity and strength, and it is a message deeply delivered from my heart. #JointAddress", "source": "TweetDeck", "retweet_count": 739, "favorite_count": 2657, "created_at": "Wed Mar 01 02:11:24 +0000 2017", "in_reply_to_screen_name": null}, {"id_str": "836760638416437248", "is_retweet": false, "text": "We are a country that stands united in condemning hate and evil in all of its very ugly forms. #JointAddress", "source": "TweetDeck", "retweet_count": 1038, "favorite_count": 3136, "created_at": "Wed Mar 01 02:10:57 +0000 2017", "in_reply_to_screen_name": null}, {"id_str": "836761877388603393", "is_retweet": false, "text": "Above all else, we will keep our promises to the American People. #JointAddress #AmericanSpirit", "source": "TweetDeck", "retweet_count": 743, "favorite_count": 2306, "created_at": "Wed Mar 01 02:15:52 +0000 2017", "in_reply_to_screen_name": null}, {"id_str": "836761614594555904", "is_retweet": false, "text": "America must put its own citizens first, because only then can we truly Make America Great Again! #JointAddress #AmericanSpirit", "source": "TweetDeck", "retweet_count": 1028, "favorite_count": 2858, "created_at": "Wed Mar 01 02:14:49 +0000 2017", "in_reply_to_screen_name": null}, {"id_str": "836763740028678148", "is_retweet": false, "text": "My Administration has answered the pleas of the American people for immigration enforcement and border security. #JointAddress", "source": "TweetDeck", "retweet_count": 194, "favorite_count": 638, "created_at": "Wed Mar 01 02:23:16 +0000 2017", "in_reply_to_screen_name": null}, {"id_str": "836763411027472384", "is_retweet": false, "text": "We will stop the drugs from pouring into our country &amp; poisoning our youth, and we will expand treatment for those who have become addicted.", "source": "TweetDeck", "retweet_count": 656, "favorite_count": 2076, "created_at": "Wed Mar 01 02:21:58 +0000 2017", "in_reply_to_screen_name": null}, {"id_str": "836763116058918912", "is_retweet": false, "text": "I have issued a new directive that American pipelines must be made with American steel. #JointAddress #AmericanSpirit", "source": "TweetDeck", "retweet_count": 725, "favorite_count": 2752, "created_at": "Wed Mar 01 02:20:47 +0000 2017", "in_reply_to_screen_name": null}, {"id_str": "836762913545334785", "is_retweet": true, "text": "RT @WhiteHouse: Fighting for American Workers #JointAddress #AmericanSpirit https://t.co/jwh7SgW7Og", "source": "TweetDeck", "retweet_count": 530, "favorite_count": 0, "created_at": "Wed Mar 01 02:19:59 +0000 2017", "in_reply_to_screen_name": null}, {"id_str": "836764295513927680", "is_retweet": false, "text": "It is not compassionate, but reckless, to allow uncontrolled entry from places where proper vetting cannot occur. #JointAddress", "source": "TweetDeck", "retweet_count": 995, "favorite_count": 3041, "created_at": "Wed Mar 01 02:25:29 +0000 2017", "in_reply_to_screen_name": null}, {"id_str": "836763907566026752", "is_retweet": false, "text": "As we speak, we are removing gang members, drug dealers and criminals that threaten our communities and prey on our citizens. #JointAddress", "source": "TweetDeck", "retweet_count": 955, "favorite_count": 3326, "created_at": "Wed Mar 01 02:23:56 +0000 2017", "in_reply_to_screen_name": null}, {"id_str": "836766505899544576", "is_retweet": false, "text": "I believe in free trade, but it also must be FAIR TRADE. I'm not going to let our great companies and workers be taken advantage of anymore!", "source": "TweetDeck", "retweet_count": 1, "favorite_count": 1, "created_at": "Wed Mar 01 02:34:16 +0000 2017", "in_reply_to_screen_name": null}, {"id_str": "836765872991633408", "is_retweet": false, "text": "My team is developing historic tax reform that will reduce the tax rate on our companies &amp; provide massive tax relief for the middle class.", "source": "TweetDeck", "retweet_count": 646, "favorite_count": 2227, "created_at": "Wed Mar 01 02:31:45 +0000 2017", "in_reply_to_screen_name": null}, {"id_str": "836765640383922177", "is_retweet": false, "text": "We must restart the engine of the American economy, making it easier for companies to do business in the US &amp; much harder for them to leave!", "source": "TweetDeck", "retweet_count": 762, "favorite_count": 2629, "created_at": "Wed Mar 01 02:30:49 +0000 2017", "in_reply_to_screen_name": null}, {"id_str": "836765563854651393", "is_retweet": false, "text": "Solving these problems will require us to tap into the #AmericanSpirit that has overcome every challenge throughout our storied history.", "source": "TweetDeck", "retweet_count": 610, "favorite_count": 2274, "created_at": "Wed Mar 01 02:30:31 +0000 2017", "in_reply_to_screen_name": null}, {"id_str": "836765395608604674", "is_retweet": false, "text": "In the last 8 years, the past Administration has put on more new debt than nearly all other Presidents combined. #JointAddress", "source": "TweetDeck", "retweet_count": 924, "favorite_count": 2688, "created_at": "Wed Mar 01 02:29:51 +0000 2017", "in_reply_to_screen_name": null}, {"id_str": "836767582208274432", "is_retweet": false, "text": "The time has come for a new program of national rebuilding that will be guided by two core principles: Buy American, and Hire American!", "source": "TweetDeck", "retweet_count": 5, "favorite_count": 3, "created_at": "Wed Mar 01 02:38:32 +0000 2017", "in_reply_to_screen_name": null}, {"id_str": "836768610014138368", "is_retweet": false, "text": "We must ensure that Americans with pre-existing conditions have access to coverage. #JointAddress", "source": "TweetDeck", "retweet_count": 447, "favorite_count": 1584, "created_at": "Wed Mar 01 02:42:37 +0000 2017", "in_reply_to_screen_name": null}, {"id_str": "836768336163799040", "is_retweet": false, "text": "Obamacare is collapsing \u2013 and we must act decisively to protect all Americans. Action is not a choice, it is a necessity. #JointAddress", "source": "TweetDeck", "retweet_count": 688, "favorite_count": 2252, "created_at": "Wed Mar 01 02:41:32 +0000 2017", "in_reply_to_screen_name": null}, {"id_str": "836767771790819330", "is_retweet": false, "text": "I am calling on Congress to REPEAL &amp; REPLACE OBAMACARE with reforms that expand choice, increase access, lower costs &amp; provide better care.", "source": "TweetDeck", "retweet_count": 1296, "favorite_count": 4052, "created_at": "Wed Mar 01 02:39:17 +0000 2017", "in_reply_to_screen_name": null}, {"id_str": "836769839163277312", "is_retweet": true, "text": "RT @WhiteHouse: \"Our citizens deserve this, and so much more - so why not join forces to finally get it done?\" #JointAddress https://t.co/r\u2026", "source": "TweetDeck", "retweet_count": 480, "favorite_count": 0, "created_at": "Wed Mar 01 02:47:30 +0000 2017", "in_reply_to_screen_name": null}, {"id_str": "836769181588676608", "is_retweet": false, "text": "The time has come to give Americans the freedom to purchase health insurance across state lines! #JointAddress", "source": "TweetDeck", "retweet_count": 772, "favorite_count": 2787, "created_at": "Wed Mar 01 02:44:53 +0000 2017", "in_reply_to_screen_name": null}, {"id_str": "836771138244083717", "is_retweet": false, "text": "We must support the incredible men and women of law enforcement. #JointAddress #AmericanSpirit", "source": "TweetDeck", "retweet_count": 541, "favorite_count": 1464, "created_at": "Wed Mar 01 02:52:40 +0000 2017", "in_reply_to_screen_name": null}, {"id_str": "836770881179385859", "is_retweet": false, "text": "EVERY American child should be able to grow up in a safe community, to attend a great school, and to have access to a high-paying job.", "source": "TweetDeck", "retweet_count": 755, "favorite_count": 2489, "created_at": "Wed Mar 01 02:51:39 +0000 2017", "in_reply_to_screen_name": null}, {"id_str": "836770458624208897", "is_retweet": false, "text": "Education is the civil rights issue of our time. I am calling for an education bill that funds school choice for disadvantaged youth.", "source": "TweetDeck", "retweet_count": 947, "favorite_count": 3073, "created_at": "Wed Mar 01 02:49:58 +0000 2017", "in_reply_to_screen_name": null}, {"id_str": "836772393720897536", "is_retweet": false, "text": "My budget will increase funding for our Veterans. Our Veterans have delivered for this nation. Now we MUST deliver for them. #JointAddress", "source": "TweetDeck", "retweet_count": 490, "favorite_count": 1366, "created_at": "Wed Mar 01 02:57:39 +0000 2017", "in_reply_to_screen_name": null}, {"id_str": "836772084445507584", "is_retweet": false, "text": "We must provide the men and women of the U.S. Military with the tools they need to prevent war and \u2013 if they must \u2013 TO FIGHT AND TO WIN.", "source": "TweetDeck", "retweet_count": 906, "favorite_count": 2756, "created_at": "Wed Mar 01 02:56:26 +0000 2017", "in_reply_to_screen_name": null}, {"id_str": "836773012884049921", "is_retweet": false, "text": "Ryan\u2019s legacy is etched into eternity. #AmericanSpirit", "source": "TweetDeck", "retweet_count": 1689, "favorite_count": 4990, "created_at": "Wed Mar 01 03:00:07 +0000 2017", "in_reply_to_screen_name": null}, {"id_str": "836774995279892480", "is_retweet": false, "text": "We are one people, with one destiny.\n\nWe all bleed the same blood.\n\nWe all salute the same flag.\n\nAnd we are all made by the same God.", "source": "TweetDeck", "retweet_count": 1290, "favorite_count": 2732, "created_at": "Wed Mar 01 03:08:00 +0000 2017", "in_reply_to_screen_name": null}, {"id_str": "836774679562043392", "is_retweet": false, "text": "Think of the marvels we can achieve if we simply set free the dreams of our people. #AmericanSpirit #JointAddress", "source": "TweetDeck", "retweet_count": 719, "favorite_count": 2458, "created_at": "Wed Mar 01 03:06:44 +0000 2017", "in_reply_to_screen_name": null}, {"id_str": "836774309192478720", "is_retweet": false, "text": "We want harmony and stability, not war and conflict. We want peace, wherever peace can be found. #JointAddress #AmericanSpirit", "source": "TweetDeck", "retweet_count": 976, "favorite_count": 3347, "created_at": "Wed Mar 01 03:05:16 +0000 2017", "in_reply_to_screen_name": null}, {"id_str": "836775337342160896", "is_retweet": false, "text": "I am asking all citizens to embrace this Renewal of the #AmericanSpirit. #JointAddress", "source": "TweetDeck", "retweet_count": 1346, "favorite_count": 4542, "created_at": "Wed Mar 01 03:09:21 +0000 2017", "in_reply_to_screen_name": null}, {"id_str": "836780803245944833", "is_retweet": false, "text": "A new chapter of American Greatness is now beginning. #AmericanSpirit", "source": "TweetDeck", "retweet_count": 1098, "favorite_count": 4000, "created_at": "Wed Mar 01 03:31:04 +0000 2017", "in_reply_to_screen_name": null}, {"id_str": "836965783775367172", "is_retweet": false, "text": "THANK YOU!\nhttps://t.co/3MKdgMsNIM", "source": "Twitter for iPhone", "retweet_count": 529, "favorite_count": 2263, "created_at": "Wed Mar 01 15:46:07 +0000 2017", "in_reply_to_screen_name": null}, {"id_str": "836978465870086144", "is_retweet": false, "text": "Congratulations to our new Secretary of @Interior, Ryan Zinke! https://t.co/j4Tqcl5hmQ", "source": "TweetDeck", "retweet_count": 314, "favorite_count": 1412, "created_at": "Wed Mar 01 16:36:31 +0000 2017", "in_reply_to_screen_name": null}, {"id_str": "837007578055979012", "is_retweet": true, "text": "RT @WhiteHouse: ICYMI: Watch @POTUS Trump's #JointAddress to Congress https://t.co/zT56mxV2St", "source": "Twitter for iPhone", "retweet_count": 440, "favorite_count": 0, "created_at": "Wed Mar 01 18:32:12 +0000 2017", "in_reply_to_screen_name": null}]